Title,Ticker,Date,NumberOfTickerMentions,Vader Neg,Vader Pos,Vader Neut,textblob Negative,textblob Positive,textblob Neut
Thoughts?,NSE,2023-10-30,1,76,140,264,73,218,189
"You win some, you lose some. When you do win, make sure it‚Äôs big.",NSE,2023-11-30,1,12,68,71,14,86,51
Should I buy and hold for a year?,NSE,2023-09-14,1,21,14,53,17,19,52
"For newbies here, -10% is correction and -30% is called market crash. So, market is no where near crash. Stop panicking",NSE,2024-08-05,1,28,26,72,16,49,61
I Lost My Friend to F&O Trading: Please Don‚Äôt Let Money Take Your Life,NSE,2024-10-21,1,31,23,70,39,55,30
India exists so that the sarkari babus can settle their kids abroad using your dollars. GDP is least of their concern. As long as RBI and CCI has money to pay salaries for themselves you don't matter,NSE,2024-11-30,1,36,68,138,56,120,66
"Exactly 20 years back Sensex was exactly 6100, today it's 77,000. Tuar daal was 28 Rupees, today it's 280 rupees. Neither government's decade  have been good for you. Post taxes,  the returns are horrible. Keep doing SIP for the agent. ",NSE,2024-11-16,1,31,66,119,44,92,80
Did my friend just invent Tax Hack of the Decade??? ,NSE,2024-07-27,1,17,61,64,13,70,59
Thoughts about my father's long term holdings ?,NSE,2023-11-21,1,17,62,88,35,48,84
Please rate my portfolio,NSE,2023-09-11,1,16,31,86,17,30,86
Will this buy me a Porsche one day?,NSE,2024-09-10,1,14,64,79,15,71,71
Is this the reason?,NSE,2024-08-06,1,18,22,65,15,42,48
Zomato doubled my money ü•π,NSE,2023-11-08,1,12,39,47,15,36,47
"1% club , by Sharan Hegde ",NSE,2024-07-14,1,22,70,117,27,109,73
Insider trading is rampant in India,NSE,2024-11-15,1,31,63,129,33,87,103
70 hrs workweek !,NSE,2023-10-29,1,7,5,21,8,7,18
Can we mass report scam finfluencers like Akshat to SEBI?,NSE,2024-11-02,1,38,58,108,45,91,68
Someone riddle me about this retirement plan,NSE,2023-08-06,1,32,53,93,29,79,70
Any problem world?,NSE,2022-09-27,1,6,6,8,2,8,10
What I just witnessed today ?? Panic SELL ??,NSE,2023-09-12,2,32,81,157,41,75,154
I'm 15 and this is my portfolio...,NSE,2023-09-07,2,30,126,335,53,141,297
Saw this on r/India sub yesterday. üíÄ,NSE,2023-09-26,2,34,34,57,18,57,50
This subreddit cost me 25K,NSE,2024-11-12,2,95,187,295,107,251,219
My uncle left his 7lpa bank job and made over 15cr in last 8 years from stock market. Now He is constantly telling me not to invest and save money for a big crash which is coming soon,NSE,2024-11-13,2,37,57,103,34,90,73
Modi has made it impossible to invest in S&P500 - Here are the facts ,NSE,2024-11-13,2,59,58,178,73,124,98
12.5% ? FM doesn‚Äôt really want people to become rich I guess.,NSE,2024-07-23,2,40,85,131,43,100,113
Why I think IREDA will be a multi-bagger with 300% potential,NSE,2023-11-27,2,11,86,94,19,92,80
üíπüôÇ $$$üòí,NSE,2021-11-23,2,3,2,14,2,4,13
My dad‚Äôs investment blew up,NSE,2024-03-28,2,19,66,78,25,73,65
"I genuinely feel for Tata motors, it's all downhill from here....",NSE,2024-11-28,2,28,34,105,41,68,58
American Hypocrisy,NSE,2023-03-22,2,30,23,75,36,39,53
HOW OPERATORS AND RATING AGENCIES CLEVERLY FOOL YOU WITH HELP OF ‚ÄòMARKET EXPERTS‚Äô AND NEWS CHANNELS,NSE,2024-10-27,2,4,47,38,7,63,19
RIP Ratan Tata,NSE,2024-10-10,2,4,13,32,6,25,18
Whats with nationalistic idiots defending Adani?,NSE,2024-08-11,2,24,34,109,35,61,71
Farewell to the Indian Stock Market,NSE,2024-10-07,2,11,36,62,21,42,46
"To set your lifetime, All you need is this in the stock market_ Buy only & hold",NSE,2024-02-14,2,4,83,92,22,80,77
Adani Indicted!!!,NSE,2024-11-20,2,34,73,133,38,95,107
"I may have caused the markets downfall today, sorry!",NSE,2023-09-20,2,9,17,50,15,15,46
broooo nah,NSE,2023-10-30,2,13,9,17,9,15,15
Woahh ! Wasn‚Äôt expecting this,NSE,2023-11-03,2,13,44,56,18,54,41
Here we go again with people crying ‚ÄúMarket Crash‚Äù for a market merely 3% down.,NSE,2024-08-05,2,10,25,34,14,28,27
"One should not eat, drink, buy clothes, buy car, buy phone, shoes, socks, table, chair, tv etc.",NSE,2023-10-12,2,10,40,49,9,41,49
Dad secretly borrowed money and spent 50+ lakh on stocks. Pls Help,NSE,2024-11-27,2,32,32,94,35,56,67
thanksüëçüèª,NSE,2023-07-11,2,9,4,8,6,7,8
#StockMarket #StocksToBuy,NSE,2022-09-01,2,1,3,7,2,5,4
"Let's thank Nirmala & BJP for New Market Rules - 10%+ Nifty Drop, 30%-40-% shares drop",NSE,2024-11-13,2,55,73,154,68,119,95
Best passive income idea,NSE,2023-04-21,2,1,6,8,0,3,12
From 50L to 4.4 Cr: How It's Done,NSE,2024-11-10,2,7,52,63,23,68,31
Wtf happened today why this much selling pressure?,NSE,2023-10-23,2,51,75,134,39,76,145
Lost one crore,NSE,2024-08-19,2,63,139,268,95,253,122
"TIL: Markets fell by 16% on a single day on May 17,2004. This was due to the defeat of Atal ji in 2004 election. CNN then reported, ‚ÄúInvestors flee Gandhi‚Äôs India‚Äù",NSE,2023-11-10,2,27,53,94,35,81,58
Who is dumb?,NSE,2022-09-20,2,2,4,3,1,4,4
Portfolio Review Please ,NSE,2024-09-02,2,20,104,94,27,109,82
Zomato Vs LIC üòÇ,NSE,2023-05-13,2,8,16,24,9,19,20
Hyundai ipo will make history !,NSE,2024-10-16,3,26,39,73,25,64,49
Alert Investor,NSE,2023-02-15,3,11,10,37,4,10,44
xD,NSE,2023-01-07,3,0,5,8,0,3,10
What would you do?,NSE,2022-11-30,3,3,11,13,4,9,14
"Indias GDP is falling. The problem is not with the supply, it is with the demand. Tax cuts is the answer, not the rate cuts. No politics please.",NSE,2024-11-30,3,28,48,100,48,86,42
Ponzi scam worth 6000cr gets exposed in gujrat ,NSE,2024-11-30,3,13,16,55,13,23,48
"First father , then wife",NSE,2023-11-20,3,31,48,113,20,64,108
"Dear Community, Boycott OLA IPO #BoycottOlaIPO",NSE,2024-08-01,3,31,48,68,25,66,56
Boriyat tou hoti h...yaar,NSE,2023-08-07,3,11,16,50,7,13,57
beginner's luck ended too soon for me,NSE,2023-06-17,3,4,18,26,5,17,26
1L invested in IDBI bank 20 years ago is just 1L today. Buy and Hold fails without good corporate governance. ,NSE,2024-10-20,4,12,38,34,15,33,36
Power of PSU Stocks,NSE,2023-09-04,5,25,72,116,28,72,113
Rate my holding (i am not flexing),NSE,2023-09-17,5,8,46,117,8,40,123
"Retail investors lost Rs 30 lakh crore, this is biggest stock market 'scam', says Rahul Gandhi",NSE,2024-06-06,5,65,45,160,54,115,101
Suzlon nearing 100%....,NSE,2023-11-08,5,20,48,113,25,50,106
Daily Story but today was different,NSE,2021-04-12,5,5,3,14,7,5,10
The best investment i ever madeü©µ,NSE,2023-11-13,7,13,53,107,27,50,96
My learnings in 5 years of Investing,NSE,2024-11-08,7,3,29,21,6,37,10
A message my younger sister sent me,NSE,2023-09-15,7,4,26,72,10,26,66
Just in - Hindenburg's new counter to Buchs' response!,NSE,2024-08-12,8,10,24,52,17,45,24
"Never, I repeat Never do options trading.",NSE,2024-06-07,8,16,32,70,17,55,46
SBI new lunch ad ft. MS Dhoni,NSE,2023-10-28,8,10,19,74,14,21,68
Cannabis cultivation legal in Himachal Pradesh,NSE,2023-10-06,8,5,17,34,6,17,33
Hyundai Korean mfs are thinking Indians are fool?,NSE,2024-10-12,8,30,56,84,36,68,66
ab kaise batau option buy kar liya,NSE,2023-09-27,8,1,5,17,2,2,19
"How Companies Inflate Their Earnings! 
",NSE,2024-09-08,8,3,32,20,2,41,12
Biggest mistake investors do in stock markets,NSE,2023-12-13,8,3,24,41,14,33,21
L Lag gaye! It seems no business is safe from them.,NSE,2023-11-22,8,13,30,46,10,37,42
"Stock market / MF will NOT make you rich, they are there to make you STAY RICH",NSE,2024-11-17,8,32,115,142,39,165,85
Sharing a (long term) success story,NSE,2024-09-24,11,6,41,26,6,35,32
Maruti Suzuki Dzire has done the unthinkable. It has achieved a 5-star crash safety,NSE,2024-11-08,11,11,22,35,11,29,28
"This Old man owns 101 CR worth of shares of L&T, ultraTech, Karnataka bank.",NSE,2023-09-28,11,9,20,34,6,16,41
Stock market has become a gambling ground in india.,NSE,2024-07-30,11,16,38,61,23,57,35
"BAJAJ Housing Finance IPO, This is what you need to do after Listing. ",NSE,2024-09-15,11,14,28,69,16,31,64
"Repeat after me: Buy high, Sell low!",NSE,2022-08-04,11,4,10,22,3,12,21
"21M. It ain't much, but it's honest work.",NSE,2023-09-10,11,13,38,53,13,36,55
Tata Tech opens at 140% gains,NSE,2023-11-30,11,16,34,81,18,29,84
This advice will make you fortune.....,NSE,2024-07-18,11,9,29,25,5,33,25
Good News for all Investors,NSE,2024-11-14,11,3,11,14,5,12,11
Adani Unveils $213 Billion Succession Plan as Scrutiny Persists,NSE,2024-08-05,11,3,13,34,5,13,32
INR is worst performing asian currency ,NSE,2024-08-05,11,15,27,45,24,31,32
Cleared an interview and got waree engergies ipo,NSE,2024-10-26,11,0,35,14,1,21,27
Insane regard strength in Nifty,NSE,2024-08-05,11,25,52,78,33,59,63
Statement from SEBI Chief Madhabi Puri Buch ,NSE,2024-08-11,11,11,35,84,22,59,49
For People who are Worried about TATA Stocks now - my 2 cents ,NSE,2024-10-09,11,36,38,105,42,88,49
Why no body is sharing there portfolio now ? Like for past 10 days people were flexing there portfolio üòÇ,NSE,2023-09-12,11,18,37,112,18,32,117
AVOID apply for Hyundai IPO ,NSE,2024-10-13,11,8,27,48,14,40,29
Found lakhs worth of share at home,NSE,2024-02-18,11,4,33,35,11,27,34
A stock broker asks a genuine question to the finance minister and she didn‚Äôt answer it instead chose to joke about it.,NSE,2024-05-17,11,14,34,52,13,53,34
"Hi ,my 10 year old kid just made his first trade(short) in derivatives. He is going to be a big bear. (Proud )",NSE,2024-07-02,11,12,20,48,8,34,38
Is the Indian stock market so insignificant ? It doesn't even show up in the list of significant Asian markets.,NSE,2023-10-01,12,10,18,37,12,28,25
Me after receiving my first 4 digit dividendüí∏üòé,NSE,2023-08-24,12,4,13,27,0,11,33
hell yes üòÖ‚úåüèº but think that's true for men as well.,NSE,2022-11-06,12,4,9,23,3,14,19
"Mods,please remove these low effort posts ‚ÄúI got TATA tech,IREDA,GANDHAR IPO ‚Äù and posts payment screenshots.",NSE,2023-11-29,12,6,15,32,9,13,31
wtf happend here? 85 INR per $,NSE,2023-11-04,12,14,20,58,17,21,54
People here in this sub need to wake up ,NSE,2024-06-04,12,18,40,75,29,57,47
Today's market ,NSE,2024-10-03,12,11,39,55,15,60,30
My brain picks the STONKS for me,NSE,2023-03-11,12,2,3,4,1,1,7
SEBI Also Becomes Corrupt,NSE,2024-11-15,12,7,10,31,14,14,20
Found this on Dark web üíÄ,NSE,2023-11-16,12,29,48,93,53,55,62
Am I qualified to release my own stock market course now?,NSE,2023-08-29,12,30,44,103,20,42,115
Should I sell,NSE,2023-09-07,12,27,44,126,28,47,122
I see people redeeming their mutual funds ,NSE,2024-10-24,12,29,33,99,28,73,60
We are living and working only for Paying Tax ‚ö†Ô∏è we should oppose it ?!,NSE,2024-07-09,12,35,48,94,36,71,70
your thoughts on this guy. is installing adblocker just for this guy a good option ??,NSE,2023-04-14,12,19,50,97,20,50,96
"From enjoying Amritkaal to crying about Tax kaal, life took a bad turn",NSE,2024-07-24,12,8,18,29,16,22,17
General Gyan From An Oldish Timer,NSE,2024-02-11,12,14,46,54,15,61,38
Wipro shares falls to 52 week low of 377 Le 300 employees who got fired in moonlighting case:,NSE,2022-10-15,12,5,9,30,11,15,18
üåöüåöüåö,NSE,2023-05-27,12,1,9,7,2,6,9
Detailed view on how the removal of indexation benefits from sale of property would be from now,NSE,2024-07-23,12,21,60,88,24,81,64
I might be the luckiest guy I guess,NSE,2024-01-20,12,12,56,63,18,53,60
FOMO üòü,NSE,2022-09-24,12,2,14,9,1,12,12
How to Analyze the Management of Any Company ‚Äì A Comprehensive Guide,NSE,2024-09-14,12,1,29,18,4,31,13
My bank account is literally zero,NSE,2023-12-02,12,6,10,16,6,11,15
ITC,NSE,2021-06-15,12,0,3,7,0,4,6
Beware of Ola IPO,NSE,2023-12-24,12,16,19,57,17,27,48
Tera ghar jayeenga isme..,NSE,2023-03-18,12,4,7,24,2,9,24
Mahindra Supremacy,NSE,2022-08-10,12,2,15,16,3,16,14
I stand by my opinion on Hyundai IPO,NSE,2024-10-12,12,14,21,35,15,28,27
"Got scammed for 20,000",NSE,2024-06-16,12,42,45,125,32,62,118
If someone wants to buy I can help!!!!,NSE,2024-08-14,12,6,18,56,9,17,54
ü§°,NSE,2023-03-07,12,14,23,39,7,27,42
My 13yr Nephew's Portfolio is better than mine.,NSE,2024-10-11,12,10,35,46,14,35,42
Am I qualified to host courses now?,NSE,2023-08-30,12,24,18,51,18,21,54
Confessions of a former full time F&O Trader.,NSE,2024-09-21,12,10,47,57,12,63,39
Wake up!!!,NSE,2022-09-23,12,14,13,53,15,30,35
The real reason behind the fall,NSE,2024-10-25,12,11,41,57,18,50,41
When you finally cash in on your long term portfolio,NSE,2022-09-11,12,2,4,3,1,4,4
Mind your FnO üî¥,NSE,2024-07-31,12,24,26,64,18,58,38
Do you think Nirmala tai is a straight up idiot? ,NSE,2024-07-25,12,18,31,49,26,45,27
tru story,NSE,2023-05-29,12,1,4,13,4,4,10
Hyundai IPO is filled with red flags,NSE,2024-10-14,12,5,20,30,5,35,15
"Today's Headlines from :

Economic Times*",NSE,2024-02-24,13,1,3,9,1,7,5
Rajkot collapsed Hyundai IPO,NSE,2024-10-29,14,12,41,62,11,55,49
How to start Paid channel,NSE,2023-10-21,14,1,6,18,2,7,16
Ghar ghar ki kahani,NSE,2022-10-23,14,0,3,6,0,3,6
Reached a Net-Worth of 1Lac @ 19. Used ‚Çπ0 parents money.,NSE,2022-01-14,14,4,42,44,4,47,39
My Portfolio vs Bank Account,NSE,2023-07-12,14,14,26,57,10,31,56
"New Day, New BS from a Finfluencer!",NSE,2023-11-13,14,7,7,12,5,16,5
SEBI is for real,NSE,2022-06-08,14,3,7,12,4,7,11
Uninstalling Groww and will see my portfolio after 1year. Let's see how it performs.,NSE,2024-02-06,14,7,35,62,8,46,50
Some things never change,NSE,2022-10-25,14,2,19,15,8,15,13
Golden rules of investing,NSE,2024-10-08,14,6,15,31,4,36,12
Father passed away a few days back. Found these.,NSE,2023-11-05,14,9,40,60,14,40,55
Finally FII will stop selling,NSE,2024-11-14,14,9,17,45,10,16,45
How to come out of 35L debt in the form of personal loans which I lost in trading.,NSE,2024-03-03,14,40,58,147,57,109,79
Lost 15lacs in FnO,NSE,2024-08-22,14,35,55,141,49,101,81
Rahul Gandhi‚Äôs stock portfolio,NSE,2024-04-04,14,19,50,89,27,53,78
"One Nation One Subscription - 18 million students, researchers, and faculty will gain free access to nearly 13,000 journals",NSE,2024-12-04,14,11,10,15,11,16,9
The signature sense of superiority ,NSE,2024-10-05,14,3,10,26,3,11,25
"Big setback for Anant Ambani: Mukesh Ambani‚Äôs son ‚Äòtoo inexperienced‚Äô for Reliance board, advisors said‚Ä¶",NSE,2023-10-19,14,9,36,46,16,32,43
Please Educate Yourself,NSE,2023-12-19,15,14,56,51,30,67,24
Merry Christmas üéÑ,NSE,2022-12-25,15,0,8,7,1,7,7
what did you bought today in the dip?,NSE,2024-08-05,16,19,72,192,21,90,172
Rahul Gandhi accusing PM & home minister for stock market crash,NSE,2024-06-06,16,24,36,84,26,63,55
2-3 years gains will be lost but Never sell ,NSE,2024-10-25,17,6,38,46,15,44,31
"Market falls about 1% on the Israel -Palestine war,Investors lose 4 lakh crore",NSE,2023-10-09,18,10,17,33,9,23,28
Bought at 232. Still holding. One of the few green equities in my holding.,NSE,2023-05-07,18,5,13,24,5,15,22
Scams are happening in the name of IPO,NSE,2024-08-26,18,15,25,43,12,45,26
Nirmalaji just took oath,NSE,2024-06-09,18,17,27,57,18,31,52
TOI confuses Sundar Pichai with PR Sundar üòÇ,NSE,2023-05-27,18,4,9,24,5,8,24
What will happen to TATA Shares when Ratan Tata passes away?,NSE,2024-07-29,18,31,62,158,45,61,145
Consistently earning 5000 a day,NSE,2024-06-28,19,16,57,106,28,80,71
What is happening?,NSE,2021-08-04,19,2,14,11,4,11,12
Think school was paid 60k usd to promote a sketchy stock,NSE,2024-12-02,19,11,17,43,25,14,32
US banks are holding a time-bomb in their balance sheet.,NSE,2024-10-23,19,7,12,45,13,26,25
suggest stonks,NSE,2023-05-17,19,0,9,15,1,2,21
My sincere advice: Don't buy anything now,NSE,2024-10-25,19,30,65,83,40,72,66
"My portfolio, AMA",NSE,2023-09-15,19,21,106,127,22,120,112
Lost almost 2 lakhs in F&O Now i am jobless for 1.3 years and not able pay the debts ,NSE,2024-11-05,19,24,50,106,36,76,68
Everything wrong with names of Indian companies .,NSE,2024-07-03,19,9,39,54,11,31,60
Back to square one,NSE,2023-02-03,19,4,16,23,5,18,20
Waiting for people to defend ADANI ,NSE,2024-11-21,19,27,52,116,37,80,78
This is what happens when we have noob boomer investors.,NSE,2024-08-20,19,18,29,39,16,41,29
Dad‚Äôs advice to hoard ITC sip by sip pays off,NSE,2023-07-05,19,4,38,44,9,33,44
I don't understand the concept of selling your investment to buy liabilities ,NSE,2024-02-17,19,6,43,54,12,53,38
Title,NSE,2022-10-07,19,2,8,17,3,13,11
I apologise!,NSE,2024-01-02,19,7,30,35,3,26,43
Never sell you winners.,NSE,2024-07-12,19,13,41,20,13,40,21
Is NIFTY in a free fall?,NSE,2024-10-25,19,8,22,31,12,26,23
Am 28m. Been investing for last 6 years.,NSE,2023-09-10,19,6,15,21,2,24,16
Why Does India Have Two Stock Exchanges ‚Äì BSE & NSE?,NSE,2024-09-20,20,4,10,18,2,15,15
Tata Technologies Fully Subscribed üíÄ,NSE,2023-11-22,20,25,64,85,26,49,99
Hindenburg Research's Track Record,NSE,2023-01-30,20,7,13,23,8,17,18
Anyone planning to apply?,NSE,2023-01-03,20,27,40,90,42,43,72
Market to fall again after Diwali.. - Keep cash ready,NSE,2024-10-23,20,6,25,57,11,27,50
THE HIDDEN MATH ABOUT INVESTING....!,NSE,2024-11-12,20,4,11,31,13,16,17
FII giving slow death to market.,NSE,2024-11-07,20,12,49,76,30,51,56
What are Capital Gains Taxes?,NSE,2022-10-18,20,2,6,7,2,5,8
Finally closed all dmat accounts ,NSE,2024-10-18,20,15,39,70,26,66,32
"Please think twice before investing in FnO, me and my sister lost all our money.",NSE,2023-09-22,21,27,44,98,33,73,63
Sharan Hegde: Marketing Genius or Scam?,NSE,2024-11-08,21,16,21,44,5,43,33
Lost 9L in Banknifty F&O which I took loan from bank @ 12% interest,NSE,2024-07-02,21,35,69,148,39,104,109
[UPDATE] Monthly Analysis of Quant Small Cap Fund,NSE,2024-10-05,21,5,25,12,8,22,12
india`s no:1 financial influencer akshat shrivastava,NSE,2024-01-11,21,17,47,54,15,55,48
acha hua aaj late utha warna abhi tak ch*d jata,NSE,2023-10-23,21,6,19,44,10,25,34
Which category you belong?,NSE,2022-11-15,21,18,19,57,13,24,57
If you know you know,NSE,2023-10-15,21,2,8,15,4,8,13
"Hello r/IndianStockMarket! We're Bloomberg Asia equity reporters, Ask Us Anything about the momentous shift under way in global markets as investors pull billions of dollars from China and head to India. Wall street is betting on India as an opportunity for the next decade but, what can go wrong?",NSE,2024-02-13,21,8,69,48,22,69,34
Hyundai IPO Over Subscribed 237% Largest Successful IPO in INDIA,NSE,2024-10-17,21,29,61,80,29,55,86
Finally sold all of my stocks today. ,NSE,2024-02-21,21,7,67,70,15,75,54
SO MADE MY FIRST LAKH(AT 19 AND HALF)LAST MONTH. HAD NO ONE TO SHARE THIS NEWS. SO HERE I AM.,NSE,2022-02-06,21,7,51,48,8,55,43
Bajaj Housing Finance IPO Analysis,NSE,2024-09-10,21,6,25,33,10,30,24
Sleeping partner is back!,NSE,2024-06-10,21,15,20,51,23,26,37
Started Options Trading with a Credit Card. Now I have a 2.36L credit card bill and 10L personal loan.,NSE,2023-11-27,21,22,55,133,24,54,132
Lmao ho gya ,NSE,2023-11-05,21,2,6,14,1,2,19
This is why FIIs selling non-stop.,NSE,2024-11-09,21,8,35,42,19,38,28
"SEBI chief Madhabi Buch earned revenue in potential rules violation, documents show",NSE,2024-08-16,21,11,8,25,13,13,18
Budget day shows how far we are from being a ‚Äúdeveloped‚Äù nation,NSE,2024-07-23,21,2,24,41,11,31,25
true AF!,NSE,2023-01-03,21,2,4,7,3,3,7
You're welcome everyone ,NSE,2024-11-19,21,2,25,29,2,23,31
Where is that guy who invested 1 crore in Nifty Defence ETF,NSE,2024-10-22,21,8,30,45,14,24,45
"Anant Raj is fooling BSE and NSE, you will loose money if you buy the scam companies. Do not be fooled by dii or your uncles advising you to buy a theme ",NSE,2024-09-24,21,6,24,20,7,26,17
Great explanation for why there has been a global sell off,NSE,2024-08-05,21,4,5,16,4,11,10
HDFC haters club,NSE,2023-11-17,21,7,9,19,3,10,22
ITC üöÄ,NSE,2022-07-21,21,3,13,18,6,14,14
Lost big money in FnO,NSE,2024-02-20,21,65,159,257,95,248,138
My small portfolio as a student,NSE,2023-09-05,21,8,23,80,13,36,62
Is there a news?,NSE,2023-12-20,22,48,107,234,46,97,246
DHONI about Put Option Buyers,NSE,2023-10-27,22,1,7,8,1,6,9
Banking System,NSE,2023-03-20,22,2,3,13,4,3,11
Cyrus Mistry dies in a road accident at palghar,NSE,2022-09-04,22,23,19,67,24,31,54
"AMA - I am Abhishek Banerjee, Founder & CEO - Lotusdew Wealth, overseeing roughly 280 Crores. AMA about Market Scenario, Investing, and Personal Finance.",NSE,2024-07-06,25,36,138,129,54,136,113
Are we ignoring the fact the govt of India pulled out a pump and dump after advising everyone to long on 4th june. ,NSE,2024-06-05,25,1,0,0,1,0,0
Scam cooking up in TRENT Ltd,NSE,2024-10-14,30,30,45,83,39,72,47
"Hello r/IndianStockMarket, this is Alok Joshi and Tamanna Inamdar, here to discuss India‚Äôs 2024 Interim Budget. We are veteran journalists with decades of experience covering policy, business, and current affairs. Ask us anything!",NSE,2024-02-01,30,25,80,95,31,102,67
List the items which you feel have become way too expensive....,NSE,2023-04-27,30,7,9,24,6,12,22
Why People Don't Just Invest in Index Funds instead of spending so much time to find stocks?,NSE,2024-11-02,31,19,79,97,29,111,55
1 crore value after 40 years,NSE,2024-10-04,31,11,36,33,13,42,25
58 year old Father in law lost 8 Lakhs in F&O,NSE,2024-04-06,31,31,40,91,31,71,60
bhakk gareeb,NSE,2022-08-03,31,0,2,2,0,2,2
My 2 cents on Hindenburg impact,NSE,2024-08-11,31,19,35,66,29,48,43
Adani the Bahubali,NSE,2023-02-09,31,0,11,10,2,9,10
Some Information if you can use it,NSE,2024-10-27,31,5,8,14,4,14,9
Thik se sone bhi nahi dete open positions,NSE,2023-03-05,31,0,6,5,0,5,6
"Millionaires are leaving India, Russia and China for the UAE, Singapore, and Australia ü§Ø",NSE,2022-11-27,31,9,32,36,11,43,23
I give adani news cycle 48hrs,NSE,2024-11-21,31,28,26,51,23,40,42
Hyundai Alloted 250 lots worth 34.3 Lac ‚Çπ,NSE,2024-10-19,31,34,72,155,37,113,111
NIFTY 20000 When? ü•≤,NSE,2023-03-08,31,0,4,3,0,2,5
Review please,NSE,2022-11-25,31,6,32,75,9,32,72
Why are big shots quite,NSE,2024-07-24,31,8,15,29,14,19,19
Ashleel grover ka doglapan,NSE,2023-11-07,31,5,5,18,5,10,13
I hope this Bear Run of the Last 5 Years is Nearing its End. ,NSE,2024-09-21,31,9,22,52,13,30,40
Case Study of Modi Rubber‚Äôs Financial Facade: A Deep Dive into its True Earnings,NSE,2024-09-02,31,1,27,14,1,29,12
Zomato- Blinkit - Things don't add up.,NSE,2024-09-27,32,9,21,33,23,29,11
"China just approved the construction of an additional 11 reactors, only problem there isn't enough global uranium production today and in the future ",NSE,2024-08-21,32,1,16,20,3,22,12
Top loss making startup,NSE,2023-11-11,32,11,15,43,5,29,35
Title,NSE,2023-09-30,32,1,6,8,2,4,9
Buying the dip,NSE,2024-10-22,32,22,75,121,37,90,91
You can now erase all your losses with a new method,NSE,2023-04-16,32,1,6,4,0,6,5
High chances of defaulting,NSE,2022-03-11,32,2,9,12,2,6,15
Start Investing now if you wanna build your wealth. Don't wait for right time.,NSE,2024-11-14,32,10,19,36,10,29,26
STCG hurts small investors more than big ones,NSE,2024-09-21,32,27,20,61,29,50,29
Sucheta Dalal view on Hindenburg latest fiasco,NSE,2024-08-13,33,31,42,74,35,67,45
Zooomaaatooo!!!!,NSE,2023-11-06,33,6,21,25,9,22,21
The wealth creators,NSE,2023-05-06,33,3,4,3,2,3,5
Dank bangaaya tu Rahulü•≥ü•≥,NSE,2023-02-09,33,8,11,33,10,15,27
This 1M+ subs youtuber is calling this a cup & handle patternüíÄ,NSE,2023-11-27,33,21,36,90,32,45,70
Fintech revolution,NSE,2022-11-05,33,1,1,17,3,4,12
‚ÄúBloodbath in the market!‚Äù ‚ÄúMassacre!‚Äù bitch please,NSE,2024-09-19,33,13,18,47,20,32,26
1 Trillion Rupees worth without a single product! - Varun Beverages,NSE,2024-03-30,33,2,35,12,1,37,11
Investors getting ready before the market open,NSE,2023-03-13,33,1,8,11,0,12,8
Hyundai IPO GMP is just 1.68% now.,NSE,2024-10-14,33,15,29,41,9,33,43
Made 20k in a week with an investment of 1 lakh.,NSE,2023-12-06,33,14,62,70,19,69,58
How can I make ‚Çπ1 crore?,NSE,2024-11-20,33,9,103,122,30,123,81
Crossed 97L today. 1CR loading soon,NSE,2024-08-22,33,9,24,49,10,34,38
Sense the arrival,NSE,2023-10-28,33,12,7,25,10,18,16
Me without Salary and SIPü§°,NSE,2023-06-04,33,1,8,13,1,4,17
"bribing is not adani's crime, getting caught in the act is",NSE,2024-11-21,33,10,11,27,9,20,19
"Who are all these bhaktas, FO is for middle class? - Nirmala sitaraman ",NSE,2024-11-10,33,5,15,36,11,27,18
L lag hai guyss in swiggy shares ,NSE,2024-10-30,36,8,59,49,18,43,55
"Make ‚Çπ5, Get ‚Çπ0.61 ‚Äì Thanks, Government! üôÇ",NSE,2024-08-04,36,18,21,34,12,29,32
Don't waste money time health in trading options and futures ,NSE,2024-06-17,36,21,41,90,35,84,33
Tough choice btu rpiorities are straight,NSE,2022-10-15,36,0,3,9,2,4,6
Buniess Plan,NSE,2022-09-08,36,5,2,11,4,4,10
What's with people blaming hinderberg for showing the truth ?,NSE,2024-08-10,36,16,21,71,19,51,38
Sad News coming from Finanacial capital ,NSE,2024-07-11,36,16,22,57,29,43,23
New Age companies,NSE,2023-02-24,36,2,4,7,1,6,6
Stock to Buy on Dip. Only on fundamental basis,NSE,2024-10-26,36,1,35,41,6,35,36
ü©∏ü©∏ü©∏,NSE,2023-08-06,36,1,2,8,0,4,7
END OF CASH OR END OF ONLINE TRANSACTION ?,NSE,2024-09-06,36,29,28,64,22,43,56
Action on Bajaj Finance,NSE,2023-11-15,36,11,4,33,11,11,26
Anyone became crorepati through Oracle stocks . What to do,NSE,2024-09-17,36,11,48,42,14,49,38
My advice to people starting out in the stock market.,NSE,2024-12-03,36,2,11,15,1,17,10
Ola Electric IPO Analysis,NSE,2024-08-02,36,10,30,43,8,41,34
Here is my strategy after this budget,NSE,2024-07-23,36,22,51,74,38,61,48
Share Market Meme..ü§£ü§£,NSE,2022-09-02,36,1,4,5,0,3,7
Shared by a friend. Relate max,NSE,2021-05-10,36,3,4,11,3,5,10
"Sell the rumour, Buy the rumour",NSE,2023-07-07,36,0,4,13,1,4,12
Swiggy Unlisted Shares,NSE,2024-08-25,43,19,92,85,36,85,75
Found him guysüò§,NSE,2023-04-22,43,3,4,21,4,5,19
Damn... Boi ü§î,NSE,2021-05-16,43,2,4,6,3,5,4
Sold entire portfolio going in Himalayas for 3 months see you all soon,NSE,2023-12-20,43,7,30,53,11,23,56
Nifty50 Hit 25000 All Time High üöÄüöÄ,NSE,2024-08-01,43,9,35,63,14,54,39
Today another 5000crore sold by FII,NSE,2024-10-23,44,21,35,51,12,60,35
"The guy who buys Nifty ETF at every 1% fall, where are you",NSE,2024-11-13,44,7,28,57,10,27,55
Bc itna gira hua market ajj tak nahi dekhaüò≠,NSE,2023-09-28,44,26,38,137,27,50,124
I should stay away from stock market,NSE,2023-10-16,45,24,52,93,32,60,77
What is meaning of Dalal???,NSE,2023-09-07,45,6,9,76,1,5,85
"1L Milestone, still long way to go.",NSE,2023-08-01,45,7,71,73,12,68,71
For those who YOLO in stock market,NSE,2023-05-10,45,1,5,6,1,5,6
All I need is my laptop and the Internet.,NSE,2022-05-03,45,1,4,6,1,5,5
What's the one stock you're holding onto for the long term and why ?,NSE,2024-07-31,45,20,129,235,40,157,187
MRF just announced 3rs dividend.,NSE,2023-11-03,46,2,26,30,8,14,36
Mudiji hai to mumkin hai ü§ó,NSE,2023-12-04,46,9,6,40,8,15,32
"Just wanted to share, first time hitting 1L mark.",NSE,2023-09-11,46,3,57,39,11,48,40
US celebrating raising its debt ceiling.,NSE,2023-06-03,46,2,4,8,4,5,5
Today market taught everyone a lesson   ,NSE,2024-06-04,46,15,28,58,19,47,35
Gautam Adani bought land at the rate of ‚Çπ 1/sqft.,NSE,2024-07-05,46,9,14,32,5,22,28
Done. Lost 2L in one month.,NSE,2023-09-29,47,43,69,143,52,132,71
This guy thinks losing 110k in a single day is a big lesson and it's a fees that market takes from you to teach you,NSE,2023-09-04,47,14,20,40,13,36,25
"Who ever you are, I pray for your mental health üôèüôèüôè",NSE,2022-03-21,47,4,15,28,6,12,29
Would 3cr be enough for you now to quit your job and to invest and live through your passive income? ,NSE,2024-07-20,47,30,73,115,22,113,83
IPO ka chakkar Babu bhaiyya...,NSE,2023-12-18,47,19,26,79,18,31,75
Gold imports,NSE,2023-10-08,47,3,8,15,2,13,11
"Markets down due to Nirmala Sitaraman new F&O policies, and capital taxes! The day she announced, from next week/day the markets started tanking. Why is no one talking about this, including media ",NSE,2024-11-07,47,17,21,44,23,31,28
Hack for saving Income Tax for salaried folks,NSE,2024-07-28,47,20,40,60,28,58,34
Sabka saath Sabka Vikasü§≠,NSE,2024-06-04,47,4,20,30,7,23,24
Let that sink in...,NSE,2022-11-12,47,4,4,13,5,4,12
"GIFT CITY is a smack in the face for the Indian taxpayer and Retail investors. With a 10 year tax break and exemptions from STT, CTT, and stamp duty, No Minimum Alternate Tax (MAT) & Sovereign Wealth Funds enjoy a 4-year tax exemption on interest, profit, and dividends, extended by a year recently..",NSE,2024-05-23,47,20,29,44,24,46,23
Where should I invest?,NSE,2023-10-04,47,30,67,357,27,67,360
I lost,NSE,2024-06-10,47,25,32,63,26,43,51
Lost over 60% in crypto what should i do with the remaining,NSE,2023-10-19,47,45,42,144,30,60,141
Advise to all those who are losing money in trading.,NSE,2023-09-21,47,9,19,20,4,23,21
DONT WORRY GUYS THIS IS NOTHING BIG GOING ON ITS CHINA ,NSE,2024-10-07,47,24,36,83,31,43,69
Ola Electric has all the right ingredients‚Ä¶,NSE,2024-08-19,47,22,22,36,21,30,29
What will be the condition of the stock market today?,NSE,2023-11-22,47,0,13,12,2,15,8
"The government is dis honorable - It will have no guilt in defaulting on payments  - take out your pf, ppf, nps, fd and buy s&p500 pure index funds ",NSE,2024-12-03,47,15,34,59,23,54,31
"OLA Electric IPO is Finally coming, But there's a MAJOR catch.",NSE,2024-07-25,47,17,23,33,14,37,22
Getting a hint today,NSE,2023-10-20,47,3,6,13,4,7,11
"Pls stay away from all these scammers who have been exposed, it would be awesome if mods pin a message with names of these guys so NEW retailers can stay away from them as they don't know the whole story",NSE,2023-09-16,47,19,33,69,17,47,57
Big Billion Wale kidhar hain?? ,NSE,2024-10-22,47,15,33,78,19,43,64
"Ola IPO allotted. Sad day for me, who else got?",NSE,2024-08-08,47,38,64,132,54,80,100
Zomato Investors today,NSE,2022-08-02,47,8,8,22,8,15,15
Ola Electric was always a scam. Change my mind.,NSE,2024-10-08,47,17,22,56,17,41,37
US bullies India and other country currency by dictating rates. The latest news about the BRICS payment app to be adopted by 159 countries didn't sit well with Uncle Sam.,NSE,2024-08-22,47,15,12,33,10,32,18
"Got one , ü§û for tata tech and gandhar",NSE,2023-11-25,47,29,81,147,32,79,146
No such options for Men,NSE,2022-12-15,47,5,13,14,1,15,16
Relatable...,NSE,2021-05-20,47,1,0,3,0,0,4
Inspiring Journey üò∂,NSE,2023-11-02,47,1,2,6,1,6,2
Hyundai IPO Discussion,NSE,2024-10-08,47,15,27,55,24,27,46
Will it cross 1 CR this week ? ,NSE,2024-10-13,47,6,11,40,11,20,26
All of us want to be rich,NSE,2023-09-30,47,14,24,71,28,55,26
Bro took Diversification seriously,NSE,2023-06-23,47,2,8,12,3,9,10
We might see a gap-down opening on Monday!,NSE,2024-11-16,47,4,14,30,14,22,12
5.5 lakh loss in fno,NSE,2024-10-16,48,17,30,69,24,52,40
"For the first time, I have seen that a budget has been made to save the government and not for the welfare of the nation.",NSE,2024-07-23,48,5,15,39,11,19,29
Physical shares of Satyam,NSE,2023-09-29,48,5,19,18,3,14,25
Don't buy the dip ,NSE,2024-11-04,48,22,52,89,29,52,82
Each and every time!,NSE,2023-04-01,48,1,3,7,3,2,6
Today :(,NSE,2021-11-22,48,3,6,11,6,5,9
"Hinderburg exposed Adani,Sebi and kotak",NSE,2024-07-02,48,5,8,24,9,15,13
Please tell me what to do ?,NSE,2024-03-13,48,30,53,136,41,116,62
Finally!!!,NSE,2021-11-08,48,2,1,6,0,3,6
Hyundai IPO: The other side,NSE,2024-10-16,49,5,20,25,12,27,11
Brought the dip! Did you?,NSE,2024-10-03,49,12,36,102,19,49,82
Stock Market and the Indian Lower Middle Class,NSE,2024-08-23,50,14,18,36,11,24,33
Do you guys ever regret not buying enough?,NSE,2023-10-04,50,21,43,58,22,39,61
Trading vs Investing - my 10 years journey so far with markets,NSE,2023-10-03,50,5,26,31,9,36,17
"My biggest win ever, sadly invested only a small amount",NSE,2023-07-23,50,2,22,27,5,24,22
what are you buying in this dip ??,NSE,2022-05-06,50,1,14,35,4,18,28
Losses!!!!!,NSE,2023-04-08,50,0,4,9,1,6,6
FINANCE CRINGE FEST 2023...these guys are performing..whom should i invite more,NSE,2023-03-11,50,23,37,93,25,54,74
Fcuk you money,NSE,2023-09-07,50,2,3,5,2,5,3
BUY!!!!,NSE,2023-05-24,50,1,3,10,1,3,10
Final Update: Crazy YOLO idea of putting my vacation money in one stock (Success Story),NSE,2024-10-03,50,0,11,16,6,10,11
Finally closed my F&o segment in Zerodha ,NSE,2024-03-27,50,18,43,106,27,88,52
FII Sold 70000Cr in October but I don't think there is any reason to worry.,NSE,2024-10-17,52,17,32,44,18,41,34
Adani stock right now,NSE,2023-04-03,52,0,1,4,0,4,1
stinks!!!,NSE,2022-10-09,52,2,7,9,1,8,9
Was going through Parag Parikh Flexi Cap fund latest portfolio and found this,NSE,2024-11-09,52,11,23,41,17,30,28
Everywhere I go I see her face,NSE,2023-04-23,52,0,3,14,0,3,14
NOC,NSE,2023-02-05,52,17,29,62,16,26,66
for real ü§å,NSE,2023-10-11,52,0,6,19,0,7,18
Wait what?,NSE,2023-03-23,52,8,6,35,9,9,31
Former RBI governor on Bitcoin,NSE,2022-12-15,52,14,4,35,15,9,29
Think about it!,NSE,2022-09-18,52,2,12,12,4,11,11
U.S. NATIONAL DEBT HITS $35 TRILLION ,NSE,2024-07-29,52,30,26,46,21,43,38
Who are sliding in this down slide üòÅ,NSE,2023-11-10,52,13,18,69,18,27,55
Got dividend even after selling stock?,NSE,2023-09-18,52,2,10,24,3,8,25
Getting too much profit,NSE,2023-09-07,52,5,25,40,5,21,44
‚úÖ,NSE,2022-11-19,52,1,6,9,1,5,10
Monthly Analysis of PPFAS ,NSE,2024-10-19,52,0,16,17,5,15,13
Everyone in India want crash üòÇ,NSE,2024-08-01,52,16,16,46,13,29,36
Nvidia recently gained 15%. What is shocking that 15% gain is approx same as total Market Capital of Reliance.,NSE,2024-02-24,52,13,24,38,12,35,28
"Refex Industries: ""A Company Profiting from Coal Dust""",NSE,2024-09-04,52,2,36,34,6,42,24
He will be missed.,NSE,2023-11-29,52,5,3,8,1,3,12
retail traders,NSE,2023-08-26,52,3,6,18,1,7,19
Global Markets are all surging with the Trump Win. Trump is here and the world will be better for it.,NSE,2024-11-06,52,33,44,109,36,101,49
adani left his company and started full time reddit,NSE,2023-02-23,52,1,2,8,0,6,5
Buy the dip ..,NSE,2022-10-11,52,3,14,31,4,22,22
My portfolio has recovered. is yours ? ,NSE,2024-12-02,52,9,35,62,17,28,61
Started Swing Trading 6 months back,NSE,2023-11-14,52,3,28,54,12,32,41
"Delta Corp got served 11,000 crore GST notice. Market cap of the company is only 4,700 crore üòÇ",NSE,2023-09-22,52,21,29,55,16,31,58
Can I become a finfluncer now ?,NSE,2023-09-08,52,8,35,82,7,29,89
Most misleading video of Akshat I have seen till data,NSE,2024-12-04,53,13,28,42,18,43,22
Monthly SIPs are at 25000 crores now - this is despite the stock slide,NSE,2024-11-12,53,7,22,54,11,35,37
Hyundai IPO might get cancelled ,NSE,2024-10-16,53,6,22,58,8,28,50
Maharashtra way ahead.,NSE,2022-12-14,53,6,22,27,6,26,23
Stock market maymay,NSE,2022-05-18,53,3,4,11,2,8,8
For those celebrating Trump‚Äôs victory: FIIs remain net sellers today with 4500 Cr in selling.,NSE,2024-11-06,53,10,16,30,6,25,25
What if tomorrow‚Ä¶..,NSE,2024-07-22,53,10,25,67,9,20,73
Started F&O trading 10 days ago with rs 9.5k. 25k profit,NSE,2023-11-15,53,7,27,50,7,19,58
Lost 40 lakhs in 2 years now don't know how to manage it.,NSE,2023-09-23,53,25,68,119,22,90,100
"Macro predictions for the first quarter of 2024, let's discuss back on 31st March, 2024 ( No specific stocks )",NSE,2024-01-07,53,21,28,42,8,43,40
New Day New Reason..üòÇ this is never-ending,NSE,2022-01-16,53,12,8,19,5,12,22
Mujhe tho profit se matlab hai,NSE,2021-05-09,53,3,12,9,2,13,9
Mutual funds with value & retirement themes in vesting in this trash IPO.,NSE,2023-11-01,53,11,12,16,14,11,14
Where are you bloodbath guys ?,NSE,2024-10-08,54,22,43,65,29,49,52
Sister sending me 25Lacs to invest!!,NSE,2024-10-03,54,23,37,69,17,59,53
UPI>Cards,NSE,2022-04-18,54,7,9,9,3,14,8
"Stop with the bullsh*t fii's are trying to create panich, they be jealous ffs",NSE,2024-11-01,54,8,12,21,7,20,14
Putting 5lacs in 1 stock when my whole portfolio is 10lacs only. ,NSE,2024-07-17,55,51,117,190,46,136,176
Mama Earth Listing üò≤,NSE,2023-11-07,55,15,14,90,11,26,82
That always happens to me,NSE,2021-07-14,55,0,2,7,1,1,7
"Can people stop investing for 2 months atleast,so that they understand the pain of increasing the ltcg and stcg tax?",NSE,2024-07-24,55,24,33,38,11,46,38
Innflaationnn,NSE,2023-03-03,55,0,1,3,0,1,3
The Big Billion Days Sale is here!,NSE,2024-10-03,55,4,5,21,4,9,17
So interest in savings accounts gets taxed at 30% but STGC is 15%. Why should I keep any large amount in savings bank?,NSE,2024-07-29,55,27,36,72,27,53,55
Us ü§£,NSE,2023-10-26,55,2,1,10,3,5,5
Gautam Adani becomes the 2nd richest person in the world. Meanwhile Others:,NSE,2022-09-17,55,8,9,18,3,11,21
Name one stock that made you a lot of money and one stock that took away a lot of money,NSE,2023-09-05,56,27,34,131,26,50,116
"I'm a former consultant at Goldman but after I discovered my snake oil selling skills to novices, I'm rich (look at my smile). You want some snake oil?",NSE,2022-10-10,56,13,40,69,22,58,42
When this bull run is going to end?,NSE,2024-06-13,56,21,36,131,28,47,113
Markets is only for ULTRA RICH,NSE,2024-03-04,56,9,32,52,16,53,24
This regret,NSE,2024-02-19,56,12,42,57,13,65,33
Portfolio review: suggest buy/sell/hold,NSE,2023-11-05,56,6,42,49,19,47,31
Sed Life!,NSE,2022-10-31,56,0,6,5,0,7,4
What do we think about the Tata Tech ipo?,NSE,2023-11-09,56,8,22,31,10,23,28
Best way to explain Stock Market to Newbies !!!,NSE,2023-05-12,56,0,3,2,0,3,2
Hehe,NSE,2023-05-04,56,1,2,4,1,1,5
"Please stop with the ""what should I do with Tata motors"" or ""Should I sell everything"" or ""Should I stop my SIP"" ",NSE,2024-11-14,56,13,12,26,8,24,19
"Would You Want to See Nifty Drop Below 23,000? Why or Why Not?",NSE,2024-11-04,58,11,39,58,17,48,43
TO ALL YOUNG TRADERS!! AN ADVICE NO ONE WILL GIVE,NSE,2024-10-12,58,4,12,15,3,22,6
"1 crores Adani shares traded today, on Friday the volume was 8 lacs. I am sure hardy retail investors were involved in this massive selling and buying. And still sensex and nifty end in red zone today.
",NSE,2024-08-12,58,2,5,25,10,9,13
.,NSE,2023-02-18,58,0,1,3,0,1,3
People with Adani stocks. What's the plan now?,NSE,2024-11-21,58,35,49,94,36,72,70
Left job and took 1 crore loan for full time trading ,NSE,2024-06-23,58,41,85,154,49,90,141
Sed Life,NSE,2022-12-05,58,1,6,12,2,4,13
Applied for waaree IPO and Got this message from bank today morning.... What does this mean?,NSE,2024-10-25,58,3,11,17,6,7,18
Why is Zerodha become so unreliable?,NSE,2023-12-04,58,20,39,73,24,44,64
So what did you buy for your investment portfolio on Diwali muhurat day ?,NSE,2023-11-12,58,13,104,184,29,73,199
To Brighten Up Your Day!,NSE,2023-03-13,58,1,3,2,0,3,3
Happy diwali,NSE,2021-11-05,58,1,4,3,1,5,2
THIS IS THE BEST TIME TO BUY !,NSE,2024-06-07,58,8,19,45,5,28,39
Rant: I find most people in this community dumb,NSE,2024-03-10,58,6,22,37,10,24,31
Loss 67k in option trading..Totally depressed,NSE,2023-10-10,58,35,70,112,23,102,92
Bull spotted chilling outside Stock Exchange chilling with Investor,NSE,2022-05-26,58,1,2,2,1,2,2
Is This Bull Run for Real or Just a Trap? ,NSE,2024-11-25,58,33,47,78,29,79,50
The most valuable lesson in investing is in living a modest life beneath your means,NSE,2024-11-09,58,1,11,7,2,13,4
Nifty50 has fallen 1%. Should I sell my corpus of 500 rupees,NSE,2024-02-14,58,10,19,34,11,12,40
"IREDA, RVNL, IRFC are all in a bubble",NSE,2024-01-30,58,14,54,77,18,54,73
Take loan @12% and Invest same in Mutual Fund?,NSE,2023-09-10,59,36,84,160,44,115,121
ONE stock you‚Äôre bullish for with reason,NSE,2024-08-28,59,28,83,193,28,112,164
LIC Investment in different companies,NSE,2023-01-29,59,4,6,13,2,8,13
Stonks!,NSE,2021-04-09,59,0,0,5,0,0,5
Indian stock markets manipulated or actually strong?,NSE,2024-07-25,59,17,29,42,16,38,34
Suzlon is a f**king trap!,NSE,2023-12-23,59,13,39,63,11,51,53
Who do you this this would be this time? Any guesses,NSE,2023-08-25,59,12,30,74,19,30,67
I am 16 and started investing recently,NSE,2023-08-21,59,16,63,100,13,75,91
India Q2 GDP: GDP Growth Hits 8-Quarter Low at 5.4%: What's Slowing Down the Economy?,NSE,2024-11-29,59,14,38,75,32,45,50
What the hell is wrong with indian market?,NSE,2024-06-27,59,30,51,101,46,83,53
Has anyone made big money from Stock Market?,NSE,2024-06-13,59,24,107,166,40,144,113
Ji ha dosto wo bhi sone ka hai,NSE,2023-07-18,59,1,4,10,2,5,8
What is happening in the uranium sector? + Break out of uranium price starting now (2 triggers) + uranium spot and LT price just started to increase,NSE,2024-10-11,59,0,20,13,2,20,11
Very Sad News !! RIP Rahul,NSE,2022-03-28,59,16,12,39,8,21,38
"31yo quit day trading after 7 years, Help me!",NSE,2024-11-23,59,14,68,53,19,85,31
1 cr in Hand. Please Explain Best Way to Invest all possible ways.,NSE,2024-09-22,59,15,69,99,23,99,61
Old Days of Indian Stock Market ,NSE,2023-09-06,59,1,2,8,1,3,7
:(,NSE,2022-12-19,59,4,2,9,4,4,7
LIC stock after IPO:,NSE,2022-10-21,59,3,3,13,0,3,16
Aur bhaiyo kesa chal rha he? Aa gaya swaad?,NSE,2022-07-26,59,9,18,34,13,16,32
"Following the same analogy, it is the trainers who make the actual profit. Now it all makes sense.",NSE,2023-06-04,59,2,9,8,3,9,7
Ye time bhi beet jayega!,NSE,2023-03-02,59,4,6,13,6,8,9
NIFTY goes brrr..!,NSE,2022-11-03,59,3,6,21,1,7,22
Imagine when Modi & Shah enters Shark tank India to sell LIC,NSE,2022-02-16,59,0,1,3,0,2,2
"Instead of worrying whether Swiggy or Zomata or other quick commerce companies will perform, I just sit back and invest in companies that provide packaging papers to these companies(Proxy Companies)",NSE,2024-10-31,59,5,22,40,9,23,35
Everyone's is against the short seller - Hindenburg - Buch - Adani Saga continues,NSE,2024-08-11,59,16,33,54,22,50,31
Nifty in party mood!! Show me your today's profit porn,NSE,2024-07-26,59,17,39,103,15,42,102
"Very good quote I read in a book recently by Peter Lynch ""If everyone knew that stock market was going to crash next year, it would crash today and not next year""",NSE,2024-06-19,59,7,6,18,5,16,10
Time for pushups,NSE,2023-02-04,59,0,4,1,0,2,3
:),NSE,2022-11-02,59,1,7,7,1,10,4
I have 69 @213 ...only for memes,NSE,2022-01-06,59,0,7,10,2,6,9
Don't sell your Midcap and Smallcaps,NSE,2024-10-07,59,10,33,42,10,47,28
India Daybook ‚Äì Stocks in News,NSE,2024-02-19,59,3,16,11,3,17,10
Now it's confirmed that stocks move when I sell them. üòÜ,NSE,2024-02-01,59,9,22,53,12,26,46
15% tax on capital gain,NSE,2024-06-25,59,20,44,60,16,58,50
"100% Value Investing. Don't follow tips. Only keep an eye on corp gov issues. Stocks selected based on my own method. Once I am invested, I buy in dips & hold forever.",NSE,2022-12-11,59,4,49,37,15,43,32
bear consider it what going on,NSE,2021-08-18,59,0,5,4,2,1,6
"Ex-swiggy employee, should I sell my shares on IPO?",NSE,2024-11-07,59,7,46,51,16,51,37
Dipped stocks which are worth investing currently ? ,NSE,2024-10-30,59,18,66,145,25,70,134
Guess how much profit Hindenburg made now?,NSE,2024-10-27,59,5,14,25,13,20,11
Before tomorrows bloodbath let's have some laugh..,NSE,2023-01-29,59,2,9,8,0,11,8
1 Lakh for 1 month,NSE,2024-08-02,59,24,79,136,22,86,131
All of us are investing in stocks when the real money is somewhere else,NSE,2023-09-09,59,2,14,17,3,19,11
"Well, Read the comments once.",NSE,2023-01-31,59,12,15,40,16,26,25
Indeed....,NSE,2022-01-02,59,2,7,16,4,10,11
FII Exodus from India making global news,NSE,2024-11-05,59,11,23,43,14,36,27
Will you quit if markets crashes to 30%?,NSE,2024-07-14,59,35,33,93,33,75,53
Found this on r/investing about technical analysis,NSE,2023-10-08,59,5,5,7,5,8,4
JUST INCASE PPL WHO ARE NEW AND DO NOT WANT TO READ NEWS,NSE,2024-11-04,59,3,10,9,3,14,5
"My Investing Journey with One Particular Stock (‚Çπ23L Realized, ‚Çπ7.5L Unrealized Profit)",NSE,2024-09-02,59,1,8,26,2,22,11
Maximize your investment amount rather than maximizing your return,NSE,2024-08-03,59,3,12,20,3,19,13
Stopped Fno,NSE,2024-05-28,59,13,30,44,17,52,18
"Don't Panic, it's just a correction",NSE,2023-12-20,59,12,39,52,18,38,47
Charlie Mungers opinion on people try to sell you courses & books on Trading,NSE,2023-09-02,59,4,9,12,4,9,12
Personal Finance Rules.,NSE,2021-06-09,59,1,4,4,1,6,2
My small contribution to ITC,NSE,2021-05-27,59,3,11,5,4,8,7
What you think about this?,NSE,2022-11-04,59,15,22,33,9,26,35
Exactly,NSE,2021-11-10,59,3,6,17,3,9,14
What‚Äôs one stock you think is undervalued right now and why?,NSE,2024-10-20,59,18,64,160,28,80,134
Guys chill tf down ,NSE,2024-10-07,59,10,15,26,8,22,21
What's your today total portfolio loss?,NSE,2024-08-05,59,52,62,234,49,76,223
Ladies and GentleMen,NSE,2023-11-24,59,1,5,5,0,6,5
Adani Total Gas hit lower circuit every day since Hindenburg - 18 sessions,NSE,2023-02-22,59,19,18,46,17,32,34
Thoughts...?,NSE,2023-02-14,59,3,10,17,5,15,10
LIC,NSE,2022-10-08,59,2,5,17,2,7,15
Admit it! ITC has a fanbase,NSE,2021-06-04,59,1,4,4,2,4,3
"BJP retained Defence, Finance, Railways. Apologies but can't believe",NSE,2024-06-10,59,0,1,0,0,0,1
Market these days,NSE,2023-06-26,59,2,2,8,1,1,10
It's a never ending story,NSE,2021-06-22,59,0,0,7,1,1,5
Shit!!!!,NSE,2021-05-19,59,1,0,5,2,1,3
"If Everyone in India Starts Investing Smartly, Won't Everyone Become Rich?",NSE,2024-06-19,59,20,59,97,25,104,47
Context please,NSE,2023-01-06,59,7,11,13,6,11,14
How much are you down today?,NSE,2024-11-04,59,28,48,277,68,61,224
I have 3 lakh rupees to invest on Monday. Please recommend fundamentally strong stocks to buy and forget for 2 years,NSE,2024-10-26,59,20,79,132,22,107,102
"Nestle may get into difficulty since a report suggests that it adds sugar to infant milk products supplied in India, other Asian, and African nations.",NSE,2024-04-17,59,9,9,28,13,15,18
Anyone else is also fearing that bloodbath is just round the corner??,NSE,2023-12-15,59,12,38,61,23,46,42
"Market did not even fall 10%, People already started comparing 1929, 2000 Crash. What is causing this panic ?",NSE,2024-10-24,59,22,26,68,15,60,41
Hold or sell?,NSE,2024-09-22,59,2,20,36,4,17,37
THINGS TO KNOW TODAY 15-3-2024,NSE,2024-03-15,59,2,28,13,5,18,20
Help! I made a huge mistake,NSE,2023-12-01,59,20,45,80,26,67,52
What is happening with Godrej Industries!?,NSE,2023-10-08,59,4,7,34,3,6,36
Itna bhi saach nahi na bolna tha XD,NSE,2023-02-03,59,1,2,2,1,1,3
To Brighten Up Your Day!,NSE,2022-12-10,59,2,4,1,1,3,3
Repo Rate,NSE,2022-09-30,59,4,8,20,0,10,22
"
Akshat Shrivastava has a lot of power to manipulate stocks ",NSE,2024-07-15,59,17,23,39,19,28,32
Sach mein stonks hogaya yeh tho!,NSE,2021-06-21,59,3,1,7,3,3,5
"ONE Stock You're bullish on, with reason",NSE,2024-01-21,60,14,100,125,29,95,115
3 year returns for comparison. How has your portfolio fared ?,NSE,2023-11-11,60,2,9,23,5,12,17
why nobody talks about Bajaj and Aditya Birla group??,NSE,2023-03-01,60,2,9,11,6,10,6
quotes to be noted,NSE,2023-02-11,60,1,6,3,2,4,4
Bitcoiners to Elon,NSE,2021-05-17,60,1,3,8,3,5,4
market news,NSE,2024-08-07,60,0,0,10,1,3,6
Why India can never grow like China,NSE,2024-07-27,60,23,54,83,20,85,55
Even Warren Buffett lost money from investment in Paytm. Then what are the chances for remaining shareholders?,NSE,2023-11-24,60,8,10,20,4,14,20
Hangseng bulls where are thou ?,NSE,2024-10-08,60,14,36,61,23,37,51
It is funny because it is true.,NSE,2024-08-12,60,4,5,9,4,8,6
"We did the worst youtubers/ finfluencers, now the one's that you like or find bearable.",NSE,2024-07-20,60,11,55,56,12,60,50
How is this stock for investing 4k and forgetting?,NSE,2023-10-01,60,14,37,39,10,33,47
harsh truth ü§£,NSE,2022-09-22,60,4,4,8,4,4,8
WWIII on the way?,NSE,2024-11-19,60,26,13,57,21,38,37
Monthly Analysis of Quant Small Cap Fund ,NSE,2024-09-26,60,5,22,21,13,24,11
Zerodha's new update is really unwanted,NSE,2024-08-27,60,20,30,47,21,38,38
What are you buying in this dip? Here is my list üëá,NSE,2024-07-19,60,22,81,121,35,97,92
Biggest Regret So Far ü•≤ü•≤ü•≤,NSE,2023-11-09,60,5,13,30,8,12,28
To those who became long term Hyundai investors today ,NSE,2024-10-22,60,14,29,43,17,36,33
Only use Groww if you want to LOSE YOUR MONEY!!! ,NSE,2024-08-16,60,12,32,40,19,38,27
"Why is it that, The Prime minister, Home minister and Finance minister tells everyone to buy before 4 june, and then market crashes, shouldn't sebi take action against them?",NSE,2024-06-04,60,14,12,43,17,21,31
Which one do you recommend?,NSE,2022-12-22,60,7,28,34,12,32,25
Iska maa k FII MARU,NSE,2024-11-28,61,16,28,61,9,31,65
What did I just witness??,NSE,2024-09-05,61,8,12,20,9,13,18
"It‚Äôs really hard to buy a stock on its premium price which you have bought really cheap,",NSE,2024-07-11,61,4,18,30,5,27,20
Will the Indian stock market ever crash?,NSE,2023-09-30,62,30,51,82,32,81,50
Why isn‚Äôt the Indian government unable to widen the tax net,NSE,2024-07-28,62,15,29,50,23,42,29
"Free stock analysis for all, but here are the rules:",NSE,2024-06-18,62,27,247,436,64,204,442
My Sympathies ‚ù§Ô∏è,NSE,2023-09-29,62,2,4,17,4,8,11
Predicted this correction a week ago!,NSE,2023-09-12,62,3,20,33,8,23,25
APNA TIME AAGYA,NSE,2022-11-09,62,1,6,16,1,9,13
On point,NSE,2022-02-02,62,0,1,1,0,1,1
BHEL scam,NSE,2024-10-28,62,10,22,34,13,25,28
15+ Years in the Markets: Ask Away,NSE,2024-09-15,62,19,74,78,23,88,60
Rich trader have no time for reddit.?,NSE,2024-03-25,62,7,22,24,6,28,19
Ireda so high it's on drugs,NSE,2023-12-12,62,16,40,108,24,54,86
Nifty 2001-2021: A complete thread on 2 decades,NSE,2021-07-10,62,0,27,22,11,31,7
Euphoria!,NSE,2024-10-03,62,8,12,18,4,20,14
A must read.,NSE,2024-09-11,62,6,6,20,6,19,7
I was trading and this happened,NSE,2023-09-22,62,18,19,54,14,15,62
Coal India - The star of my portfolio,NSE,2022-08-08,62,5,19,19,8,11,24
Regarding Tata motors don't listen to anyone telling cyclic!,NSE,2024-11-05,62,11,26,50,10,30,47
Waiting for some panic posts,NSE,2024-11-04,62,19,30,65,21,31,62
These are Golden Words of Stock Market IMO!!!,NSE,2024-06-21,62,9,15,33,8,24,25
Me trying to convince my friends To invest in suzlon/ do f&o,NSE,2024-01-13,62,1,5,4,1,1,8
How do i sell this shit??,NSE,2023-08-23,62,8,31,62,15,24,62
Hinderberg twitter handle posted something big India. They are shorting some stock.,NSE,2024-08-10,62,6,29,78,17,32,64
Gold prices that no one talking about.,NSE,2024-07-17,62,3,27,31,6,30,25
Been in the Markets for 3+ Years.... This is my Progress so Far.. AMA,NSE,2024-07-14,62,3,41,48,8,50,34
Our markets are a joke .,NSE,2024-04-30,62,26,30,78,24,43,67
We are told to check P/E ratio but how many people know what it means?,NSE,2024-03-25,62,6,15,18,4,13,22
People forget its still large bank ...!,NSE,2024-01-26,62,7,20,38,9,30,26
"Buy what is being bought, sell what is being sold.",NSE,2023-10-10,62,12,28,43,12,42,29
India's Oldest Unicorns are in the market for more than 10 years & still loss-making! What do you think reason behind it? Tell us in the comments!,NSE,2022-11-10,62,9,17,35,11,31,19
This happens when I enter a Trending stock,NSE,2021-06-29,62,2,14,15,3,19,9
"You see a car, i see adani group shares.",NSE,2021-06-14,62,1,9,10,2,6,12
Tata Power for the long term!,NSE,2024-09-29,62,7,14,24,6,26,13
Loss Porn,NSE,2024-07-23,62,29,30,115,19,26,129
Help! Did I get the correct DOMS?,NSE,2023-12-19,62,2,13,17,2,13,17
Thoughts?,NSE,2023-02-23,62,5,8,23,1,11,24
FII sold another 5000 Cr today!! (Continuing the tradition of daily FII selling data update :D),NSE,2024-10-24,62,8,27,39,12,31,31
SIP of 45k per month,NSE,2024-09-24,62,19,36,44,12,39,48
What is that one stock you'll invest 1 lakh in TODAY? ,NSE,2024-09-15,62,19,84,180,25,97,161
How to generate 10-15k regular income from Investment,NSE,2024-08-12,62,7,64,82,14,72,67
Lost money in F&O ,NSE,2024-07-22,62,19,31,82,13,64,55
Now this is interesting! (Probably getting banned now),NSE,2024-02-13,62,10,17,36,11,23,29
1st Jan News Highlights from Stock Market,NSE,2024-01-01,62,1,13,14,1,10,17
STT is a blessing in disguise,NSE,2023-12-08,62,4,9,19,5,11,16
"I did not ask for MTF Pledge, Angel Broking automatically pledged my shares!",NSE,2023-09-22,62,11,13,25,10,18,21
Stock Selection Framework,NSE,2023-08-14,62,0,11,12,0,14,9
Killing The ITC Investors,NSE,2021-06-13,62,2,2,4,2,3,3
Sold Tata Motors Shares to fund my Toyota Car. Hope I wasn't unethical.,NSE,2024-11-11,62,2,17,28,6,30,11
Stop blaming SEBI chairperson,NSE,2024-03-13,62,28,25,64,29,45,43
Please raise the standard of this sub.,NSE,2024-02-13,62,4,10,13,4,15,8
I have a very unique ability,NSE,2023-11-14,62,3,13,41,3,17,37
Sold this shit today.,NSE,2023-10-05,62,13,25,42,15,31,34
üòë,NSE,2023-08-20,62,0,2,7,1,2,6
This meme needs to be reposted,NSE,2022-03-14,62,0,4,5,0,4,5
Why Not!,NSE,2022-03-01,62,0,2,2,0,2,2
Highest ever profit in single day.,NSE,2024-10-08,62,21,87,97,31,88,86
Daddy Portfolio ,NSE,2024-06-30,62,8,12,24,7,22,15
Why do you think people in India don't take help from financial advisers?,NSE,2024-06-18,62,17,41,57,18,65,32
I lost 4.3 lakhs then I posted here in reddit after that I lost 1.5 lakhs and total loss is 5.8 lakhs now. I don‚Äôt want to lose more. I need help. How can someone leave gambling mindset. I don‚Äôt want to lose more money. Lots of amount to repay. Please help with your guidance and suggestions. Thank u,NSE,2024-05-22,62,37,53,105,31,83,81
100% Possible?  MANY NEW TRADERS & NEWBIES WILL BE FLUSHED OUT THIS YEAR. ,NSE,2024-02-21,62,11,34,54,16,47,36
Apne ghabrana ni hai,NSE,2023-10-26,62,2,16,43,5,15,41
Never make fun of ITC holders.,NSE,2022-09-14,62,4,10,31,5,14,26
Race 69,NSE,2022-03-22,62,1,4,14,0,8,11
This is what FII knew when they were selling.,NSE,2024-11-29,62,6,17,31,5,25,24
75k monthly SIP review,NSE,2024-08-31,62,11,37,49,12,40,45
Should loss making companies like Ola Electric be allowed to IPO?,NSE,2024-07-30,62,13,22,37,12,27,33
If you are involved in share market then you must know these things:,NSE,2024-04-11,62,4,5,13,3,8,11
"Everyone was asking for advice , so can someone suggest one to me too ?",NSE,2023-09-19,62,7,36,107,6,25,119
"35 Lakhs loss in trading BANKNIFTY buying options over last 5 years, I was making good money initially but overtrading and impulsive trade decisions have destroyed my portfolio. Planning to start shorting options, Any advice from the community would be much appreciated :(",NSE,2023-08-11,62,19,38,81,21,63,54
Review üôè,NSE,2023-07-16,62,12,28,45,3,31,51
Why is China Dumping Steel Globally?,NSE,2024-08-21,62,9,6,14,5,11,13
Cons of having too many new people coming into the market ,NSE,2024-04-15,62,18,20,38,18,40,18
Suggestions to Liquidate 5L please,NSE,2023-11-22,62,7,53,65,15,81,29
#GreatResignation,NSE,2022-02-01,62,2,4,12,0,5,13
Additional Resources for Fundamental Analysis!,NSE,2024-09-10,62,2,27,16,1,23,21
Rant - this sub is full of shitposts!,NSE,2024-03-11,62,9,22,57,16,28,44
I have around 1 Cr lumpsum left for savings. I need 50k per month income from it .,NSE,2023-09-18,62,32,65,105,27,83,92
I'm 27 and I have started investment from last 2 years. I'm looking for portfolio review please suggest,NSE,2022-10-12,62,8,49,45,10,52,40
üêÇüêªüêÇüêªüêÇüêª,NSE,2022-06-03,62,0,2,1,0,2,1
What RBI Is Doing?,NSE,2024-12-01,62,8,19,27,10,30,14
Why Nifty 50 is bullish today? (experts please),NSE,2024-11-22,62,28,48,70,30,52,64
Kya matlab mai bankrupt ho gaya hoon?,NSE,2022-01-21,62,2,8,8,2,5,11
Just Stop!,NSE,2024-03-28,62,13,20,40,10,40,23
üíπüôÇ $$$üòí,NSE,2023-07-17,62,6,10,17,5,18,10
Pain of paying indirect tax to Nirmala and Modi,NSE,2022-12-21,62,16,28,73,17,53,47
Hyundai IPO closes on an underwhelming note,NSE,2024-10-18,63,15,48,77,30,79,31
"Today's Headlines from :

Economic Times*",NSE,2024-03-08,63,0,9,7,1,7,8
Wisdom from my trading failures,NSE,2023-12-30,63,8,15,33,9,25,22
Proud Poor,NSE,2022-01-08,63,0,4,6,0,4,6
"Well, there comes another IPO for the Adanis. When will uptrend end? xD",NSE,2021-06-12,63,3,2,10,4,1,10
Hyundai IPO last-minute TLDR,NSE,2024-10-17,63,8,19,20,5,21,21
Your thoughts??,NSE,2024-10-09,63,8,13,38,8,19,32
Do you guys think TATA MOTORS will go below 900Rs?,NSE,2024-09-17,63,17,36,74,22,48,57
"""Long-term"" investing according to a genius finfluencer",NSE,2024-09-14,63,7,12,29,12,18,18
The Endgame üëãüèªüëãüèª,NSE,2024-07-23,63,25,23,69,19,38,60
Who are the youtubers/finfluncers you think are the worst of the bunch?,NSE,2024-07-19,63,20,45,75,17,55,68
"Brothers and sisters, I made a new stock market news website :)",NSE,2024-06-30,64,2,72,30,9,70,25
An elder worth 100 cr worth of shares,NSE,2023-09-27,64,4,14,23,10,22,9
...,NSE,2022-11-22,64,2,4,3,1,4,4
.,NSE,2022-10-22,64,4,11,17,6,11,15
Pro trader spotted üòÇüòÇ,NSE,2022-07-20,64,2,14,22,3,14,21
Self made*,NSE,2022-04-27,64,3,8,16,3,10,14
What are your 5 to 7 year bets?,NSE,2024-08-07,64,8,30,89,19,31,77
Hit 10 L in 5 Months ! The great Indian stock market.,NSE,2024-07-03,64,4,33,24,10,24,27
Exactly 1 year from today I asked members of r/IndianStockMarket to make a portfolio by commenting on their stock of choice. And here are the results after a whole year! Not bad.,NSE,2023-11-27,64,7,18,29,3,22,29
Irfc showing middle finger,NSE,2023-09-15,64,2,8,28,4,9,25
Can someone get me in touch with a Local Ferrari Dealership,NSE,2023-06-09,64,5,8,28,4,10,27
ü•∂,NSE,2022-09-07,64,4,3,6,1,4,8
Just make an IPO thread,NSE,2023-11-29,64,5,15,26,5,14,27
Here is a quick infographic on the EV sales for FY22. These 10 states account for 82% of the EV sales!,NSE,2023-01-23,64,2,7,9,3,9,6
PayTM Holder's After Listing üòÇ,NSE,2021-11-18,64,6,6,12,4,7,13
Waree IPO allotment - finally,NSE,2024-10-25,66,22,53,93,22,39,107
Story of bear market ,NSE,2024-10-08,66,5,13,18,5,15,16
"For the first time, over 50% of cars sold in China last month were electric! ",NSE,2024-08-31,66,3,8,11,4,13,5
Will TATA MOTORS Cross ‚Çπ2000? Seeking Investment Advice,NSE,2024-08-15,66,10,41,44,12,42,41
Biggest manipulators of the Indian market,NSE,2024-07-15,66,12,22,70,12,33,59
SWING TRADING CHEAT SHEET,NSE,2024-05-16,66,3,8,23,7,10,17
Reality Check: Invest wisely you are not Hira thakur of suryavansham !!,NSE,2024-02-18,66,5,18,29,9,24,19
Zerodha is total shit,NSE,2023-12-20,66,14,38,60,17,53,42
What stocks are you buying in this dip?,NSE,2023-10-26,66,16,54,108,23,66,89
oh man :(,NSE,2023-10-20,66,5,3,11,5,2,12
Mein ni karta,NSE,2023-10-12,66,3,3,8,2,3,9
Hold tight everyone!,NSE,2022-02-24,66,2,2,4,1,4,3
Some bears outside BSE today,NSE,2021-12-20,66,0,0,2,0,0,2
"Doctor lost Rs 76 lakh in online stock trading scam that started on WhatsApp group ‚Äúfull of investors‚Äù
",NSE,2024-11-12,66,13,2,23,11,10,17
Panic ! Lost 8% in a week and 3% today,NSE,2024-10-07,66,31,57,110,31,86,81
I think the Next Indian Bear Market will happen only when SEBI brings back Short Selling in Indian Stock Market.,NSE,2024-07-17,66,12,25,46,13,43,27
Found message of coal India shares in my late father's phone.,NSE,2024-07-13,66,3,12,14,7,12,10
Ouch,NSE,2023-04-16,66,3,7,9,2,13,4
"UPI merchant transactions over Rs 2,000 to carry charge of 1.1% from Apr 1",NSE,2023-03-29,66,30,51,77,36,58,64
Trading isn't easy.,NSE,2023-03-09,66,1,2,0,0,3,0
I'm a bodybuilder now. All thanks to Adani Bhai!,NSE,2023-02-22,66,1,3,3,3,3,1
Recent news of ICICI bank fraud worth Rs 1875 Cr which is done by Videocon group. So we created a small infographics showing top bank frauds in India! What is your view on it? Why there are so many bank frauds happening in India?,NSE,2022-12-29,66,12,17,35,7,37,20
"How I made 1 crore in 4.5 years
",NSE,2024-09-12,66,6,23,32,7,34,20
Love Triangle: Hindenburg <=> SEBI <=> Adani,NSE,2024-08-11,67,12,37,48,19,53,25
To all the panic sellers..,NSE,2024-06-04,67,4,35,49,13,33,42
"Rant: If you cannot stomach the losses, do not invest",NSE,2024-02-09,67,1,7,22,5,10,15
Why are people still buying and holding?,NSE,2024-02-07,67,20,46,78,19,57,68
Is there something happening with adani?,NSE,2023-12-04,67,1,23,25,4,13,32
Why is everyone so obsessed with HDFC Bank?,NSE,2023-11-19,67,4,18,31,11,27,15
Dipceptionü§Ø,NSE,2022-05-11,67,2,6,12,4,7,9
Hyundai IPO subscribed 0.14x on day 1,NSE,2024-10-15,67,10,12,36,11,20,27
Isn't the Indian stock market ridiculously overpriced ,NSE,2024-09-27,68,8,41,57,26,50,30
"Households losing Rs 60,000 cr a year on F&O bets: Buch

",NSE,2024-07-31,68,14,26,42,17,33,32
Laal hai poora market laal hai,NSE,2024-07-10,68,14,40,87,29,40,72
Random 3:00 AM Doubt ?,NSE,2024-07-03,68,15,20,41,11,43,22
"ITC shareholders approve the demerger of ITC Hotels with a 99.6% majority
",NSE,2024-06-07,68,3,10,17,4,6,20
"Everybody yesterday, ""PANIC MARKET CRASH WHAT TO DO"" ... What do you all have to say today?",NSE,2023-12-21,68,20,30,54,22,44,38
"How to invest 1.2 crore for safe, consistent and dependable returns?",NSE,2023-11-02,68,11,39,62,13,46,53
‚Çπ‚Çπ‚Çπ,NSE,2023-01-11,68,0,3,6,0,4,5
Meme of the day 12/02,NSE,2021-02-12,68,0,15,15,1,11,18
Receiving three peoples salary into my pocket. Please get me into right way.. ,NSE,2024-11-05,68,8,21,34,7,36,20
My Uncle's Bluechip Portfolio,NSE,2023-07-26,68,6,19,24,6,27,16
sums up my Stonks & Crypto portfolio,NSE,2022-01-23,68,0,1,9,2,1,7
"Reject herd mentality, return to fundamentals.",NSE,2021-10-30,68,1,0,3,1,0,3
First stock you bought,NSE,2024-08-13,68,16,55,160,24,48,159
Why market fell today? Why is Zomato falling? Questions like these are so ridiculous. (Rant),NSE,2024-05-27,68,5,15,34,9,24,21
Me to Everyone who got Tata Tech and posting everywhere.,NSE,2023-11-30,68,0,5,12,1,2,14
I sold this stock yesterdayüëç,NSE,2023-11-22,68,5,7,27,5,5,29
Inflating Stocks,NSE,2023-10-19,68,1,3,7,1,3,7
Reviewüôèüèª,NSE,2023-07-16,68,11,34,85,18,52,60
ü´§ü´§mast tha,NSE,2023-06-17,68,1,2,5,0,1,7
write down ...no cheating guys,NSE,2022-08-14,68,3,9,43,3,14,38
Hyundai IPO ,NSE,2024-10-18,68,14,17,32,8,27,28
"Market is green, what are you buying/selling today?",NSE,2024-08-09,70,11,58,108,26,53,98
"Defence stocks getting battered, what's next?",NSE,2024-08-06,70,15,45,57,13,47,57
If you have ‚Çπ20L but you can‚Äôt sell for 5 years what stocks are you getting?,NSE,2024-05-06,70,14,50,114,22,44,112
"SIP ‚Çπ10,000 for 10 years",NSE,2024-02-24,70,10,53,60,24,48,51
ITC üëÄüëÄ,NSE,2021-06-20,70,0,11,13,4,9,11
Adani stocks today ,NSE,2024-11-21,70,9,11,46,12,23,31
Reasons why NIFTY went down,NSE,2024-10-25,70,2,10,16,5,13,10
Hyundai IPO is entirely offer-for-sale (OFS) ,NSE,2024-09-26,70,5,25,25,8,31,16
The beating of the defense stocks teaches me why fundamentally strong companies will always rule.,NSE,2024-09-21,70,7,22,64,14,52,27
What if we all decide to invest in a company at the same time?,NSE,2024-07-05,70,17,38,95,19,50,81
My friend who helped me start investing.,NSE,2024-07-03,71,2,10,22,1,16,17
One stock for rest of your life ....,NSE,2024-06-11,72,12,56,153,23,52,146
"BJP vs Congress, effect on your investment. Hoping to put some sense in people (non-political post)",NSE,2024-03-18,72,18,45,70,27,77,29
250 to 8000 in 6+ months!? Did you buy this?,NSE,2023-11-15,72,10,9,36,4,17,34
Target 1Cr in next 10 years,NSE,2023-11-12,72,7,23,33,14,23,26
Please don't get mislead,NSE,2023-03-29,72,6,10,21,3,13,21
Adani - no buyers only 100% sell,NSE,2023-02-03,72,17,20,35,16,24,32
"Just made my first Rs. 100, thanks to Tata Motors",NSE,2021-10-13,72,3,20,22,4,18,23
Insult  FIIs and hope they come back,NSE,2024-11-18,72,4,5,16,3,11,11
Am I doing it wrong by investing 50k into SIP Mandate?,NSE,2024-09-27,72,7,64,60,12,86,33
Want to reach 1cr net worth in next two years.,NSE,2024-09-22,72,7,47,55,14,49,46
IREDA FOR 20 YEARS.,NSE,2024-07-15,72,4,28,44,10,29,37
PayTM Money is not allowing me to withdraw my funds,NSE,2023-10-11,72,12,21,31,9,28,27
IPO,NSE,2023-08-29,72,5,5,8,0,7,11
#Candlestick,NSE,2023-05-20,72,1,9,13,2,14,7
People playing with adani stocks be like..,NSE,2023-02-06,72,3,3,9,1,3,11
Long way for India to reach 5Tn,NSE,2021-12-25,72,0,7,14,4,8,9
"Market Nov 14, 2024",NSE,2024-11-14,72,0,3,6,0,5,4
"Why does gold go up and up every year,what are the main reasons behind it?",NSE,2024-11-06,72,11,26,38,13,32,30
Ambani unveils 'Diwali Welcome' offer for Jio AI-Cloud with 100GB free storage to support AI ambitions -- will this lead to an increase in all Ambani's stocks? Thoughts ??,NSE,2024-08-29,72,3,25,35,12,26,25
Strategy if recession hits?,NSE,2024-08-04,72,16,20,47,19,34,30
USA debt to hit 35T by July end. More tremors to come. Best of luck,NSE,2024-07-25,72,19,40,38,15,56,26
Now that all Indian Defence stocks are at all time high.,NSE,2024-07-04,72,6,39,49,7,44,43
Thoughts on Hyundai Motors IPO. Listing gains or wait for the dip after listing?,NSE,2024-06-17,72,3,15,27,4,16,25
"Another lie by Ashneer Grover, caught by my friend",NSE,2024-01-07,72,4,6,15,4,8,13
Finally touched 50k profit.,NSE,2023-11-26,72,0,16,8,0,9,15
Suzlon Energy hits lower circuit,NSE,2023-11-21,72,6,42,82,13,42,75
To brighten up your day!,NSE,2022-12-31,72,1,2,5,1,2,5
Bajaj finance going below 155,NSE,2024-09-25,72,16,50,91,23,53,81
I screwed up ,NSE,2024-09-11,72,18,20,48,7,20,59
I feel so bad(GROWW APP) ,NSE,2024-08-21,72,30,48,94,28,81,63
Already lost 50k+ since morning. How long will the bloodbath continue?,NSE,2024-02-12,72,18,50,69,19,61,57
Ludo,NSE,2023-03-27,72,0,2,4,0,1,5
Those who traded banknifty and nifty today,NSE,2022-10-21,72,0,4,5,2,6,1
Lol,NSE,2021-11-18,72,0,2,4,0,3,3
Stock market crash in March 2020,NSE,2021-07-17,72,2,6,6,2,3,9
Can I hit 2cr?,NSE,2024-09-24,72,8,43,44,13,32,50
Retail Investors Are Surprising Everyone in the Indian Stock Market,NSE,2024-09-09,72,5,15,25,4,29,12
Bought Mazagon Docks on June 4. My only regret is not buying more.,NSE,2024-07-04,72,17,15,33,8,29,28
"India goes from a $4T to a $10T economy, how will it affect the Indian stock market? ",NSE,2024-06-20,72,11,31,46,14,48,26
Sold IREDA at 117,NSE,2023-12-14,72,10,55,58,18,47,58
TATA NEWS,NSE,2023-12-10,72,3,7,35,3,5,37
Hows my portfolio,NSE,2023-06-26,72,7,29,35,4,30,37
Schrodinger's Market,NSE,2021-10-17,72,0,4,8,0,5,7
Are you willing to buy Adani stocks now ?,NSE,2024-11-21,72,34,63,117,39,84,91
"Lost the entire gains made from 1-Jan-23 onwards on Mon, 5-Aug-24",NSE,2024-08-07,72,10,14,41,11,19,35
"I did a FnO fiaasco, urgent help needed.",NSE,2024-07-26,72,24,40,75,21,58,60
which stock you are holding for longest time?,NSE,2024-07-19,72,8,53,102,19,44,100
What's the deal with IREDA?,NSE,2024-07-16,72,10,35,85,15,53,62
"Borrowed 1L captial for option buying, now I am at 60% drawdown in 3months. ",NSE,2024-03-30,72,17,22,51,14,42,34
People are AFRAID and so its the right time to buy UNDERVALUED stocks!!!!!,NSE,2024-03-12,72,8,26,61,17,35,43
WHAT IF SOMEONE ELSE WIN OTHER THAN BJP?,NSE,2024-02-10,72,43,47,125,38,84,93
Trading as a career,NSE,2024-01-28,72,33,55,86,28,88,58
22 Best Monopoly Stocks in India for investment!,NSE,2023-12-04,72,5,13,11,7,15,7
Zerodha charges AMC quarterly ?,NSE,2023-10-02,72,22,26,56,14,32,58
Buy the dip,NSE,2022-05-11,72,0,2,2,0,2,2
Din suru hote hi khatam ho gaya ;(,NSE,2022-03-09,72,2,6,18,5,5,16
ITC Holders be like...,NSE,2022-03-04,72,2,5,2,1,4,4
"What's going on with Adani stocks ? I bought it at the dip and sold it today.. I thought it will take minimum 1 month to recover, but it's just 1 week... Is manipulation going on at big level? ",NSE,2024-11-29,72,18,26,49,20,39,34
Waaree Energies IPO closes on a positive note,NSE,2024-10-23,72,1,26,18,3,22,20
"Guys, don't listen to people here who say ""you only need 2 or 3 mutual funds""",NSE,2024-10-15,72,27,66,78,37,89,45
Regrets: Stories of missing opportunities?,NSE,2024-10-14,72,9,22,43,12,33,29
should i sell my stocks and buy a PS5,NSE,2024-07-15,72,12,62,80,14,75,65
There is a reason why even groww has now overtaken Zerodha,NSE,2023-12-04,72,15,26,42,13,38,32
I have never seen anything like this before!!,NSE,2023-03-21,72,7,11,34,8,12,32
"Investing just Rs. 16.7 lakhs today, will get you Rs. 5 crores after 30 years if your money grows at 12%!",NSE,2022-08-17,72,5,31,35,8,29,34
OPTIONS TRADING IS GAMBLING NOT TRADING ,NSE,2024-04-18,74,19,21,55,18,39,38
9 Reasons why ITC is a Buy for me (and 5 reasons why it might not be for you),NSE,2024-02-13,74,3,22,20,7,25,13
40 lakhs capital,NSE,2023-11-01,74,29,53,87,31,83,55
Didn't get any response on r/indiainvestments so posting it over here,NSE,2023-09-04,74,13,31,87,13,60,58
.,NSE,2022-11-21,74,2,12,9,4,7,12
Burn üî•,NSE,2022-05-26,74,0,2,5,0,1,6
Kidney,NSE,2021-05-31,74,0,2,1,1,0,2
1 cr in Hand. Best Way to Invest all possible ways? ,NSE,2024-11-30,74,14,36,43,11,50,32
Market will go up the day I sell at loss. Mart my words. ,NSE,2024-11-18,74,10,18,36,5,15,44
I just found out my late father used to invest,NSE,2024-10-30,74,2,11,12,3,10,12
Swiggy shares fall to 380 in secondary market. Liquidity vanishes. ,NSE,2024-10-29,74,4,9,8,6,12,3
You need conviction to make money in the stock market,NSE,2024-10-07,74,8,18,25,11,28,12
This is why 90% fail,NSE,2024-08-24,74,4,6,10,6,10,4
Most overpriced security in the private banking industry of India : The YESBANK saga by u/Bullriderbearkiller,NSE,2024-04-07,74,0,7,18,2,6,17
literally nothing we can do,NSE,2023-10-29,74,1,7,9,1,6,10
[OC] What are your thoughts on Honasa Consumer IPO?,NSE,2023-10-29,74,8,14,35,9,20,28
what is happening,NSE,2023-09-18,74,5,12,21,7,18,13
Michael Burry has shorted the market to the tune of 1.6 Billion USD. 94% of his portfolio is currently shorts,NSE,2023-08-15,74,4,13,35,9,25,18
Humour On Our Pain!,NSE,2023-08-01,74,0,3,7,0,2,8
To brighten up your day! Are you still invested in Adani?,NSE,2023-02-27,74,3,12,12,4,12,11
48% returns in Paytm!! Hold or Sell?,NSE,2023-02-08,74,6,22,43,7,24,40
Jio Missed the Opportunity to Become India‚Äôs Answer to Google or Apple,NSE,2024-10-26,74,11,21,46,12,37,29
What stock do you regret not buying more quantity of and at avg you hold?,NSE,2024-01-06,74,26,32,105,23,47,93
"List your regret sells. I sold 800 qty in June 2022, thinking ye 700 upar nahi jayega... ü•π",NSE,2023-11-10,74,25,46,122,26,49,118
From Zero to 7 Lakhsüíµüí∞,NSE,2023-04-29,74,4,18,22,2,21,21
Morden problems require Morden disasters,NSE,2022-05-16,74,2,3,0,0,3,2
Socket Market Today,NSE,2022-01-24,74,0,2,4,0,2,4
Do FIIs know something which we don't? Or is it something else? Please share your insights ,NSE,2024-11-08,74,11,28,49,11,45,32
ENOUGH WITH THE HYUNDAI IPO,NSE,2024-10-19,74,19,24,53,16,40,40
WHY YOU CAN NEVER MAKE IT BIG IN MARKET!!! A RANT,NSE,2024-10-11,74,6,14,21,8,20,13
Iran vs Israel news had no effect on US markets.,NSE,2024-10-02,74,12,7,28,8,13,26
Never Catch A Falling knife!!,NSE,2024-09-25,74,7,15,33,6,29,20
"Recession issues, Budget Disappointment, middle East crise , Bangladesh Govt.Fall, japanese rates hiked ..... Now what ‚ÅâÔ∏è ",NSE,2024-08-05,74,15,39,64,23,56,39
"So, effectively the defense budget has been rotated to Bihar and Andhra. A lot of investment into sector that generates 0 tax income- agriculture. And increase in any type of tax that exists. To all who are saying that we are bashing the FM, where is your logic? Wtf!",NSE,2024-07-23,74,7,19,27,12,20,21
"Zomato, swiggy hike platform fee by 20% to Rs 6/order, Do you too believe that they will raise it to Rs10/order sooner?",NSE,2024-07-15,74,16,38,54,18,54,36
This is how they (Market Makers) take retailers out of market.,NSE,2024-06-05,74,13,15,48,11,37,28
"""Market Correction in India: What Are Your Top Stock Picks? üö®üìâ | Let‚Äôs Make Money Together!""",NSE,2024-11-13,74,7,41,57,16,42,47
Why this Sudden Red rally in the market??,NSE,2024-09-06,74,23,20,66,26,28,55
"[the tatva India] World's richest, Tirupati temple reveals net worth of 30 billion dollars : Richer than Wipro and Nestle",NSE,2022-11-07,74,0,9,10,2,6,11
Velumani sir op!!!!,NSE,2022-09-04,74,3,8,17,1,11,16
Investment is all about having good observation,NSE,2021-07-13,74,1,6,5,1,6,5
"Market on 24 oct, 2024",NSE,2024-10-24,74,0,10,9,0,10,9
Too much regret for not investing in any railway stocks,NSE,2024-01-19,74,18,21,76,13,41,61
80 Ka loss hai (copied),NSE,2022-07-20,74,2,1,3,0,1,5
Patience matters more than luck.,NSE,2021-11-05,74,0,8,4,1,7,4
Mistakes to Avoid in Your Personal Finance Journey,NSE,2024-09-11,74,11,14,27,12,24,16
Market Crash Prediction 2024,NSE,2024-07-13,74,34,40,91,29,72,64
"The government is planning another PLI scheme of 10,000 crores to support local chip component manufacture.",NSE,2023-12-16,74,3,17,25,4,23,18
Bought my first stock today :),NSE,2023-10-27,74,6,23,33,5,33,24
Zerodha data hacked??,NSE,2023-10-14,74,16,10,45,15,17,39
Bro can't afford song ,NSE,2023-08-18,74,1,2,4,0,2,5
What do you guys think about my portfolio?,NSE,2023-06-12,74,3,34,48,9,40,36
Mummyearth being greedy,NSE,2023-01-11,74,2,4,7,0,5,8
Proud Moment ü§ùüóø,NSE,2022-10-30,74,3,7,18,3,13,12
The god like feel when we give stonk Gyaan,NSE,2022-01-20,74,0,2,0,0,1,1
Zerodha did me wrong.,NSE,2024-11-01,74,22,38,54,14,55,45
How much percentage did you lose today? Mine 2.5 as of now,NSE,2024-10-03,74,22,54,184,30,51,179
"How much proof does a whistleblower need to provide? Well, here is the whistleblower document that started SEC investigation against Bernie Madoff. See for yourself.",NSE,2024-08-11,74,6,11,17,9,12,13
Trump got shot,NSE,2024-07-14,74,13,23,34,15,35,20
lets share top 5 share of yours u r watching it closely - rocket ban sakta hai ,NSE,2024-07-01,74,23,50,171,31,47,166
3 ways to lose ALL your money in the markets,NSE,2024-06-21,74,11,7,32,8,16,26
Are you aware that numerous brokers monitor Reddit? ,NSE,2024-05-05,74,13,23,24,11,24,25
Today‚Äôs Headlines,NSE,2024-04-11,74,0,9,3,0,6,6
Lost Rs20 lakhs in options trading. ,NSE,2024-03-28,74,34,56,83,34,56,83
I followed this one easy rule ,NSE,2024-03-17,74,7,11,15,5,15,13
What are some growing stocks that are not much famous?,NSE,2024-01-05,74,13,60,104,17,55,105
What‚Äôs up with people asking advice on their portfolios with 40-60% gains?!,NSE,2023-09-08,74,5,23,35,10,21,32
JIO Finance Demerger and lower circuits explained,NSE,2023-08-23,74,4,15,15,0,17,17
Tata motors seems to be at an all time high.. should I sell?,NSE,2023-07-08,74,8,18,46,11,27,34
True.,NSE,2021-07-04,74,0,1,3,1,2,1
I lost 30 k in stock market!,NSE,2024-05-09,74,18,31,53,9,40,53
India daily. Stocks to watch,NSE,2024-02-21,74,0,6,6,0,6,6
For everyone who is new,NSE,2023-12-24,74,2,15,12,1,17,11
Ready to risk 20k for you guys!,NSE,2023-10-13,74,20,76,130,31,69,126
+5000 se sidha -1600,NSE,2023-10-09,74,11,23,63,16,20,61
Always negative returns üíÄ,NSE,2023-05-31,74,1,1,4,1,1,4
Haha,NSE,2022-10-30,74,0,2,1,0,2,1
Current Portfolio,NSE,2022-10-06,74,2,26,17,6,24,15
State of Adani Stocks today.,NSE,2022-10-03,74,6,16,46,8,18,42
Bullish!,NSE,2022-09-26,74,2,2,5,2,2,5
Whyyyy wtff is going onnn,NSE,2022-08-01,74,10,18,36,13,28,23
Math model is 95% Ready and is trade worthy,NSE,2024-10-06,74,20,58,86,24,74,66
Don't take Univest premium subscription!,NSE,2024-09-13,74,2,16,29,8,24,15
What is going on with the market?,NSE,2024-03-12,74,16,39,69,33,44,47
2024 elections : This sub is full of greed ? ,NSE,2024-02-25,74,22,43,87,23,77,52
Stocks that give free stuff?,NSE,2024-02-10,74,6,36,65,7,30,70
Selling winners and averaging losers - A classic newbie‚Äôs mistake,NSE,2024-01-25,74,9,10,21,4,21,15
"Nifty 50, Sensex suffer biggest single-day loss since June 2022",NSE,2024-01-17,74,11,16,52,7,15,57
What would happen if my zerodha account balance is in 2 Crore negative?,NSE,2023-11-15,75,21,13,54,14,21,53
Wtf is this,NSE,2023-09-25,75,12,40,51,14,40,49
Dixon and Salora Int moved big cos of this news. What are your thoughts?,NSE,2023-08-03,75,3,6,24,3,16,14
SEBI doesn't want us to trade?,NSE,2023-07-03,75,16,12,34,10,24,28
Finally Portfolio turn green after more than 1 year,NSE,2023-04-12,75,4,40,31,9,41,25
True or False ?,NSE,2022-09-22,75,1,5,6,2,5,5
my first 1000% return adani enterprise,NSE,2022-04-11,75,2,17,28,5,16,26
Indian Stock market nowadays... (Copied),NSE,2021-07-02,75,0,1,5,0,0,6
Exited Tata Motors at loss,NSE,2024-11-11,75,23,51,85,27,70,62
Nifty is creating a bearish head and shoulder pattern. what do you think about this?,NSE,2024-10-21,75,17,28,44,16,32,41
Do you Think Indian Markets will keep going up forever?,NSE,2024-10-17,75,11,18,39,10,32,26
FII selling relentlessly,NSE,2024-10-17,75,11,21,35,6,27,34
JP Morgan APAC head says there is $100Bn pent up global index flows yet to come to Indian market ,NSE,2024-09-25,75,6,5,11,5,8,9
Whatz happening to GOLD ?,NSE,2024-07-29,75,16,27,65,37,36,35
Swing Trading with just Nifty 50 stocks following a simple stratergy of 30RSI ,NSE,2024-06-19,75,4,16,11,2,15,14
Drop your Gain porn screenshots below ! ,NSE,2024-06-03,75,29,106,305,41,99,300
Gold rate today,NSE,2024-03-05,75,10,22,44,8,36,32
200 iq strategy to make unlimited money !,NSE,2024-02-14,75,5,7,25,4,12,21
"Let's share our ""secret"" strategies.",NSE,2024-01-28,76,12,25,64,8,34,59
Irony of buying in dips,NSE,2024-01-18,76,10,27,27,8,30,26
Oye! oye!,NSE,2023-11-08,76,19,16,44,11,24,44
Tough choice but priorities are straight,NSE,2022-07-11,76,0,2,1,1,1,1
ITC memes never gets old.,NSE,2021-06-05,76,0,5,11,0,9,7
Portfolio how much down? Mine 16%,NSE,2024-10-22,76,23,37,146,73,44,89
"Market on 15 oct, 2024",NSE,2024-10-15,76,0,24,22,3,22,21
Nifty 50,NSE,2024-09-20,77,10,22,34,17,22,27
Stock that you won‚Äôt sell,NSE,2024-08-24,79,16,56,104,19,56,101
I am going to make a portfolio called the ‚ÄòDisappointment 50‚Äô,NSE,2024-06-29,79,6,16,51,13,16,44
Is Jio price Hike fair? And does it make it a monopoly?,NSE,2024-06-28,79,21,29,48,15,60,23
"Is NCC the Next Big Force in Construction & Engineering? Deep Dive Analysis of Financials, Competition, Valuation & More! (Undervalued Gem or Overhyped Fad?) why do we need a title 300 character long?? are you kidding me??read below to find out what have I analysed about this stock. also I'd like to",NSE,2024-05-24,79,5,24,40,3,32,34
Your Mutual Fund Investment Guideline for 2024 & Beyond,NSE,2024-03-08,80,7,23,23,4,28,21
Invested 5 lakh for 9 months. Lets seeüôè,NSE,2024-02-29,80,34,72,267,42,91,240
Japan Nikkei hits record high while the country is in a recession,NSE,2024-02-22,80,3,11,15,3,12,14
The stairway down from heaven. Adani Total Gas has hit lower circuit practically every day from the day of the Hindenburg expose. It's down 70% now.,NSE,2023-02-13,80,3,13,19,4,11,20
me watching hindenburg vs adani.,NSE,2023-01-30,80,0,1,2,0,1,2
ITC üí£üí£,NSE,2022-10-24,80,1,2,7,0,4,6
.,NSE,2022-10-18,80,2,3,2,2,3,2
Indian stock market is facing one L after another ,NSE,2024-11-21,80,6,19,28,11,24,18
Which subscription helped you the most in investing journey?,NSE,2024-11-05,80,5,61,84,14,67,69
DII vs FII,NSE,2024-10-31,80,10,24,36,12,28,30
Why this country people are so selfish  and beggars ?,NSE,2024-08-25,80,23,33,83,34,69,36
What are your most successful stock picks? Share your proudest portfolio positions!,NSE,2024-07-30,80,13,57,86,20,51,85
What is the one stock you're the most confident on to even buy at the high price of today,NSE,2024-06-03,80,16,95,187,19,89,190
Today‚Äôs Headlines,NSE,2024-04-18,80,0,4,6,0,5,5
F&O - a black hole,NSE,2024-02-01,81,22,38,78,30,59,49
"23, messed up and I‚Äôm miserable!!",NSE,2023-12-07,81,6,22,36,16,30,18
Laal hai ,NSE,2023-10-26,81,1,1,4,1,1,4
Ye week pakka profitable hoga,NSE,2023-07-31,81,0,2,10,0,2,10
stock market,NSE,2023-06-23,81,3,5,7,4,3,8
March is going good. Thanks to Options Trading.,NSE,2022-03-25,81,8,28,21,7,24,26
Loude lag geye ajj sabke,NSE,2022-02-14,81,4,7,7,3,2,13
Head and shoulders in nifty,NSE,2024-10-22,81,6,23,38,7,19,41
What is the smartest way to buy GOLD?,NSE,2024-10-06,81,11,33,59,13,42,48
SEBI finally doing some good work with the new FnO rules,NSE,2024-10-02,81,21,37,79,32,79,26
Tools for investment Research,NSE,2024-09-18,81,0,7,6,2,8,3
How Can I Earn 5k Monthly from a ‚Çπ3 Lakh Investment in the Stock Market?,NSE,2024-07-08,81,16,82,111,16,101,92
Will Kamath brothers agree to sell Zerodha if Jio Fin offers something that they cant refuse?,NSE,2024-04-19,81,15,35,49,19,46,34
Instiutional Investors bought $700 Million worth shares of Bharthi Airtel,NSE,2024-03-09,81,3,10,23,3,9,24
Share market trolling me fr üò≠üò≠üò≠,NSE,2024-02-26,81,11,30,52,11,31,51
What are some of the stocks that you‚Äôve bought and now you know they‚Äôre never going to reach their original bought price? (Atleast in your lifetime),NSE,2024-01-26,81,29,58,172,38,40,181
Adani Group Borrowings,NSE,2023-01-27,81,3,9,18,5,7,18
Do you know that only 2 out of 6 sharks who are founders of their own businesses in Shark Tank India are profitable. What do you think? Do tell us in the comments!,NSE,2023-01-20,81,8,9,17,4,13,17
What do you think will happen to Zomato now?,NSE,2022-08-22,81,14,14,44,19,21,32
Traders today,NSE,2022-01-28,81,3,1,8,2,2,8
Welcome to market‚Ä¶,NSE,2021-11-15,81,0,3,6,0,3,6
Sell shovels during a Gold rush. Pudumjee Paper - From a Swiggy vs Zomato post.,NSE,2024-12-02,81,3,15,15,6,15,12
Why people invest in MF instead ETF,NSE,2024-11-17,82,8,18,42,9,27,32
Lost almost 30lakhs in fno tu,NSE,2024-11-11,83,33,36,78,30,57,60
Don't panic sell Mazdock!,NSE,2024-08-20,83,7,33,29,14,34,21
I have finally given up today !,NSE,2024-08-07,83,15,29,82,25,65,36
Be a crorepati by the age of 40-45,NSE,2024-07-02,83,18,59,69,24,65,57
Longe term investors today,NSE,2024-05-09,83,9,16,64,14,24,51
"As a trader who has got their ass kicked, what would you do differently if you had to do it all over again?",NSE,2024-01-12,83,9,26,33,13,37,18
All night all day,NSE,2023-12-02,83,0,0,7,0,1,6
I am 23 and recently got a job,NSE,2023-09-24,83,8,54,55,13,58,46
Can you relate?,NSE,2023-03-30,83,0,1,3,0,1,3
my biggest one day loss,NSE,2022-12-23,83,11,18,31,8,19,33
Wise words #StockMarket,NSE,2022-09-14,83,0,3,6,1,4,4
"Somebody knew about ADANI on 19th Itself,,,,,,,,,,,,,,,,3000 PE 10 lakh OI was REDUCED ...............BLUE CELL,,,,,,,,,,,,,,,,,,,,,,highest in this series ",NSE,2024-11-21,84,9,10,23,7,17,18
Sold Too Soon? Seeking Advice on Overcoming Stock Market Regret,NSE,2024-07-21,84,9,15,23,10,20,17
Exit poll fraud,NSE,2024-06-04,84,10,21,37,17,29,22
Today‚Äôs Headlines,NSE,2024-04-12,84,0,6,2,0,7,1
One stock you still regret selling! ,NSE,2024-03-02,84,38,64,158,45,48,167
Experts ne toh value trap bola thaüòØ,NSE,2023-09-18,84,1,2,7,1,2,7
Thoughts?,NSE,2023-08-13,84,7,21,46,12,28,34
Koi nazar nahi lagayega ,NSE,2024-12-05,84,15,21,88,12,9,103
